시각,가동일 평균 전력,휴무일 평균 전력,가동일 평균 생산량
0,59.6,22.5,112.0
1,87.9,22.2,136.0
2,91.4,21.8,148.0
3,88.5,22.2,148.0
4,90.0,22.8,132.0
5,77.9,21.6,130.0
6,91.8,21.7,158.0
7,113.6,22.5,884.0
8,170.2,21.8,707.0
9,169.1,21.9,1081.0
10,161.6,22.4,1228.0
11,169.9,22.3,1452.0
12,105.0,22.1,507.0
13,167.3,21.7,1364.0
14,166.2,22.8,1796.0
15,155.3,21.8,1344.0
16,157.7,22.2,1881.0
17,129.5,22.7,824.0
18,148.9,21.6,1330.0
19,135.5,21.8,2163.0
20,117.4,22.3,88.0
21,115.9,22.2,112.0
22,107.2,21.9,131.0
23,100.8,23.0,129.0
