변수군,변수,값 범위,해석
전력,15분·30분·45분·60분,0 to 208,15분 간격 측정값. 타깃과 같은 값이라 피처에서 제외
전력,평균,0 to 208 (평균 93.4),네 값의 산술평균. 예측 타깃
생산,생산량,"0 to 9,830, 43.1%가 0",시간당 생산 실적
생산,공장인원,0 to 48.4 (실수),생산량과 순위상관 0.994 → 설비 투입 비율로 해석
생산,인건비,1.0 / 1.5,"9 to 17시 1.0, 그 외 1.5 → 주·야간 할증 계수"
기상,기온,-12.0 to 33.4℃,22℃ 이상에서 냉방부하 발생
기상,풍속·습도·강수량,-,복제되지 않은 실측 기상
날짜·단가,날짜 / 시간,20210101 to 20210914 / 0 to 23,시간 컬럼은 7/13·7/15 손상 후 복구
날짜·단가,day / d / m,요일(1=월) / 일 / 월,달력 정보
날짜·단가,전기요금(계절),109.8 / 167.2 / 191.6,1 to 2월 / 3 to 5월·9월 / 6 to 8월. 시간대별 차등 없음
