model,fset,clone,MAE,RMSE,peakMAE,n,group,part
baseline_lag168,-,keep,26.760956175298805,52.53778757719034,44.609756097560975,1757.0,고유일,개발 합산
baseline_lag24,-,keep,37.26465566306204,62.608321612359774,43.51219512195122,1757.0,고유일,개발 합산
baseline_요일x시간 평균,-,keep,29.738227943391536,39.71190171916833,37.32266576735271,1757.0,고유일,개발 합산
baseline_전체 평균,-,keep,52.48199054619171,59.79846155885763,90.41085546192379,1757.0,고유일,개발 합산
ensemble,full,down,14.944768791023149,24.59446738614201,17.005727043328967,1757.0,고유일,개발 합산
ensemble,full,drop,22.015808310427822,35.32405338401621,26.177919789385253,1757.0,고유일,개발 합산
ensemble,full,keep,13.903696635863694,24.184298710641738,17.651265128954048,1757.0,고유일,개발 합산
ensemble,no_plan,down,15.02035382550228,25.764600977438747,23.189198921970238,1757.0,고유일,개발 합산
ensemble,no_plan,drop,27.810578953523866,38.67289883628799,41.52671636465379,1757.0,고유일,개발 합산
ensemble,no_plan,keep,14.72400155081253,25.629619754078224,22.168988376656575,1757.0,고유일,개발 합산
lgbm,full,down,15.940638275159722,26.65674655299609,19.177653223088257,1757.0,고유일,개발 합산
lgbm,full,drop,22.14103025691427,36.02425934186688,25.850186296441713,1757.0,고유일,개발 합산
lgbm,full,keep,14.329654578048782,25.2895726430186,19.397497398153956,1757.0,고유일,개발 합산
lgbm,no_plan,down,15.999840173260147,27.60775753841593,22.852578004771175,1757.0,고유일,개발 합산
lgbm,no_plan,drop,35.254803832826774,51.55990488863078,57.461373963955374,1757.0,고유일,개발 합산
lgbm,no_plan,keep,15.7282848209517,27.747385594210673,21.874165350822018,1757.0,고유일,개발 합산
ridge,full,down,18.875948551706195,26.013066042824505,14.424722379136147,1757.0,고유일,개발 합산
ridge,full,drop,53.09968618455664,100.07366052616746,41.75462785745842,1757.0,고유일,개발 합산
ridge,full,keep,19.351557565882533,26.832169415514617,12.689817952115474,1757.0,고유일,개발 합산
ridge,no_plan,down,17.407282032841852,26.427900812955585,24.32093072851455,1757.0,고유일,개발 합산
ridge,no_plan,drop,27.810578953523866,38.67289883628799,41.52671636465379,1757.0,고유일,개발 합산
ridge,no_plan,keep,16.85166711072092,26.119476697772466,23.096573785109886,1757.0,고유일,개발 합산
baseline_lag168,-,keep,30.473214285714285,54.456103991240155,43.25,336.0,고유일,2021-05
baseline_lag24,-,keep,49.607142857142854,72.26863740503866,47.0,336.0,고유일,2021-05
baseline_요일x시간 평균,-,keep,31.849867724867728,40.77713392710828,34.94117647058823,336.0,고유일,2021-05
baseline_전체 평균,-,keep,44.570893270502644,52.611343826319164,82.85034722222224,336.0,고유일,2021-05
ensemble,full,down,22.148712528302568,38.591871590198274,21.599790768332724,336.0,고유일,2021-05
ensemble,full,drop,29.9134836917931,42.63787340756166,9.651625789917148,336.0,고유일,2021-05
ensemble,full,keep,22.105470699966524,39.355523584920256,16.556153792544585,336.0,고유일,2021-05
ensemble,no_plan,down,24.530181085233792,42.14724096804594,23.994050974803244,336.0,고유일,2021-05
ensemble,no_plan,drop,29.95065128090263,43.018451590546874,30.223719494699704,336.0,고유일,2021-05
ensemble,no_plan,keep,25.802155926206318,43.59265094076197,22.11047751265802,336.0,고유일,2021-05
lgbm,full,down,22.85764717307221,40.08935603962102,23.434547369553385,336.0,고유일,2021-05
lgbm,full,drop,28.462519053942195,41.350099236448116,22.751508998727495,336.0,고유일,2021-05
lgbm,full,keep,22.291458220862456,40.00799021128111,17.140710060210786,336.0,고유일,2021-05
lgbm,no_plan,down,25.897676692226646,44.41874711096738,24.2322037931311,336.0,고유일,2021-05
lgbm,no_plan,drop,33.17555730761803,45.19143039182783,38.218036938851796,336.0,고유일,2021-05
lgbm,no_plan,keep,26.705884951930393,45.91348431912931,21.74952932867239,336.0,고유일,2021-05
ridge,full,down,26.410331808140306,38.60624806748751,26.47852698894807,336.0,고유일,2021-05
ridge,full,drop,187.46276193513316,221.2565396521288,286.4004451228392,336.0,고유일,2021-05
ridge,full,keep,28.02176262842115,40.870303851060655,22.466662434880295,336.0,고유일,2021-05
ridge,no_plan,down,26.630789184681394,41.10625674234234,27.573208716999336,336.0,고유일,2021-05
ridge,no_plan,drop,29.95065128090263,43.018451590546874,30.22371949469971,336.0,고유일,2021-05
ridge,no_plan,keep,27.318954496341597,42.34374476703836,23.618003582762277,336.0,고유일,2021-05
baseline_lag168,-,keep,1.4583333333333333,1.7795130420052185,,48.0,고유일,2021-06
baseline_lag24,-,keep,25.604166666666668,44.68990378150304,,48.0,고유일,2021-06
baseline_요일x시간 평균,-,keep,30.7405303030303,35.07294273344441,,48.0,고유일,2021-06
baseline_전체 평균,-,keep,67.47433774834435,67.48502769437812,,48.0,고유일,2021-06
ensemble,full,down,4.6743294742301655,5.759829147143337,,48.0,고유일,2021-06
ensemble,full,drop,8.165828289139215,9.720178620641121,,48.0,고유일,2021-06
ensemble,full,keep,3.21176208145392,3.9006041093631483,,48.0,고유일,2021-06
ensemble,no_plan,down,6.344634223923445,7.72661834454931,,48.0,고유일,2021-06
ensemble,no_plan,drop,7.693865392650785,8.905577996805135,,48.0,고유일,2021-06
ensemble,no_plan,keep,4.46535653075481,5.403204725629184,,48.0,고유일,2021-06
lgbm,full,down,3.2533431573287426,3.8352911851418146,,48.0,고유일,2021-06
lgbm,full,drop,8.008920992752403,9.491026822385722,,48.0,고유일,2021-06
lgbm,full,keep,3.544803608406456,4.320172640990126,,48.0,고유일,2021-06
lgbm,no_plan,down,9.359906594726397,10.120856310281873,,48.0,고유일,2021-06
lgbm,no_plan,drop,36.70967980372665,39.90521834493629,,48.0,고유일,2021-06
lgbm,no_plan,keep,6.474558815068278,6.989413449368565,,48.0,고유일,2021-06
ridge,full,down,12.088840842852315,13.44249834295373,,48.0,고유일,2021-06
ridge,full,drop,12.356691123058788,14.994515279716195,,48.0,고유일,2021-06
ridge,full,keep,11.027486074837862,12.170921015257365,,48.0,고유일,2021-06
ridge,no_plan,down,10.177030632513251,11.70664142421245,,48.0,고유일,2021-06
ridge,no_plan,drop,7.693865392650785,8.905577996805135,,48.0,고유일,2021-06
ridge,no_plan,keep,6.884781044935683,8.360890265984649,,48.0,고유일,2021-06
baseline_lag168,-,keep,8.618827160493828,16.193038818357707,15.776699029126213,648.0,고유일,2021-07
baseline_lag24,-,keep,42.68981481481482,67.8740095532856,43.24271844660194,648.0,고유일,2021-07
baseline_요일x시간 평균,-,keep,24.83667616334283,30.62066262480527,39.39634055265123,648.0,고유일,2021-07
baseline_전체 평균,-,keep,52.832233476570494,60.593498114001626,90.86458947951868,648.0,고유일,2021-07
ensemble,full,down,11.171787040261806,15.545629780107594,20.497071924460798,648.0,고유일,2021-07
ensemble,full,drop,12.939100418478043,18.183424350111846,27.927693426666867,648.0,고유일,2021-07
ensemble,full,keep,11.050786728547529,15.556660433428963,20.57692237918857,648.0,고유일,2021-07
ensemble,no_plan,down,10.529522667850086,15.20431804263916,24.332478278828972,648.0,고유일,2021-07
ensemble,no_plan,drop,25.45791291526259,33.70069904358691,44.34441970099043,648.0,고유일,2021-07
ensemble,no_plan,keep,9.613871549033492,13.54689434900527,21.435688015806342,648.0,고유일,2021-07
lgbm,full,down,12.41757418204008,19.011155672997297,24.465465669379853,648.0,고유일,2021-07
lgbm,full,drop,13.085416857479736,18.432365097955586,26.906084334035828,648.0,고유일,2021-07
lgbm,full,keep,11.791075147576109,18.080365499045197,23.927376566043428,648.0,고유일,2021-07
lgbm,no_plan,down,12.127934901499966,19.216102046850875,26.95195828570673,648.0,고유일,2021-07
lgbm,no_plan,drop,23.608351525456957,32.63985984784757,47.30116917420495,648.0,고유일,2021-07
lgbm,no_plan,keep,11.20171691585592,17.04891900147545,24.085847856237358,648.0,고유일,2021-07
ridge,full,down,13.852879406525153,16.667034130824707,13.055695629491474,648.0,고유일,2021-07
ridge,full,drop,19.25095444814508,25.709614642291562,38.843894385245335,648.0,고유일,2021-07
ridge,full,keep,14.165304140825016,17.05715453373738,9.413657276961613,648.0,고유일,2021-07
ridge,no_plan,down,12.167489977030941,15.063911744348628,20.68726180179954,648.0,고유일,2021-07
ridge,no_plan,drop,25.45791291526259,33.70069904358691,44.34441970099043,648.0,고유일,2021-07
ridge,no_plan,keep,11.528204725376128,14.493917737048722,17.864043205775683,648.0,고유일,2021-07
baseline_lag168,-,keep,42.93103448275862,71.2764506256667,96.80701754385964,725.0,고유일,2021-08
baseline_lag24,-,keep,27.467586206896552,53.18960230255015,43.75438596491228,725.0,고유일,2021-08
baseline_요일x시간 평균,-,keep,33.07420597598865,46.1710780519916,33.7426211059722,725.0,고유일,2021-08
baseline_전체 평균,-,keep,54.842733442802405,61.643748119588395,90.12151211361738,725.0,고유일,2021-08
ensemble,full,down,15.658352468228017,23.61121247404539,10.374415154616797,725.0,고유일,2021-08
ensemble,full,drop,27.385307381967923,43.35471851981096,24.175788058821514,725.0,고유일,2021-08
ensemble,full,keep,13.360389591745069,21.961285105021446,12.44140106880461,725.0,고유일,2021-08
ensemble,no_plan,down,15.201307165867263,23.97673372046493,21.066792220781085,725.0,고유일,2021-08
ensemble,no_plan,drop,30.253427976580348,41.79086345221855,37.228269765305406,725.0,고유일,2021-08
ensemble,no_plan,keep,14.836442008720498,23.350555489413892,23.49818101917531,725.0,고유일,2021-08
lgbm,full,down,16.723839252123614,25.55803158093973,9.323753950212891,725.0,고유일,2021-08
lgbm,full,drop,28.24083507306869,45.19926227839738,24.159611056418264,725.0,고유일,2021-08
lgbm,full,keep,13.62276670701944,22.687370587747157,11.370297311472491,725.0,고유일,2021-08
lgbm,no_plan,down,15.312996528429077,24.41119268298351,15.348110073371156,725.0,고유일,2021-08
lgbm,no_plan,drop,46.53162297909241,66.62151866263373,77.17145188403795,725.0,고유일,2021-08
lgbm,no_plan,keep,15.299210623400837,25.0170842884246,17.8863626496083,725.0,고유일,2021-08
ridge,full,down,20.323089519899906,26.246992577285674,16.052696708507266,725.0,고유일,2021-08
ridge,full,drop,23.78058063414681,31.251738536878158,29.846246779851842,725.0,고유일,2021-08
ridge,full,keep,20.5199144624266,26.472813564526138,17.92380341895387,725.0,고유일,2021-08
ridge,no_plan,down,18.29464605541173,26.412582755440276,30.65880419338662,725.0,고유일,2021-08
ridge,no_plan,drop,30.253427976580348,41.79086345221855,37.228269765305406,725.0,고유일,2021-08
ridge,no_plan,keep,17.418571380089986,25.099642915241727,32.51525677600135,725.0,고유일,2021-08
baseline_lag168,-,keep,11.620567375886525,24.925918607740744,14.489583333333334,1128.0,복제일,개발 합산
baseline_lag24,-,keep,38.48936170212766,62.14212433624454,56.614583333333336,1128.0,복제일,개발 합산
baseline_요일x시간 평균,-,keep,28.223045036014373,34.47321129729722,41.414318524612646,1128.0,복제일,개발 합산
baseline_전체 평균,-,keep,48.69951126052384,55.906725760885244,89.36740578313152,1128.0,복제일,개발 합산
ensemble,full,down,11.465037116812306,17.551215497486453,21.011448980411064,1128.0,복제일,개발 합산
ensemble,full,drop,21.586225805930432,31.783324553669267,28.388526224288512,1128.0,복제일,개발 합산
ensemble,full,keep,11.315642471244944,17.23426991162596,20.62645884447596,1128.0,복제일,개발 합산
ensemble,no_plan,down,14.567428373041302,21.17822411224098,26.27899319343646,1128.0,복제일,개발 합산
ensemble,no_plan,drop,31.718710847204097,42.11383690727564,41.505290203846215,1128.0,복제일,개발 합산
ensemble,no_plan,keep,14.639731222362563,20.83142066015772,25.4866391064101,1128.0,복제일,개발 합산
lgbm,full,down,12.677588834873823,19.485487256418903,24.97648752991879,1128.0,복제일,개발 합산
lgbm,full,drop,20.952628900132524,30.528593150243726,29.81782342117474,1128.0,복제일,개발 합산
lgbm,full,keep,12.61947646338313,18.838381286355844,23.478136987623163,1128.0,복제일,개발 합산
lgbm,no_plan,down,16.452566417778375,24.471562028268504,29.893235513687443,1128.0,복제일,개발 합산
lgbm,no_plan,drop,32.20337395822713,42.99484766907237,45.5258354704171,1128.0,복제일,개발 합산
lgbm,no_plan,keep,17.124041894200616,25.733646784748892,30.739894834304327,1128.0,복제일,개발 합산
ridge,full,down,14.961709511469675,19.812501501703345,15.665934507396562,1128.0,복제일,개발 합산
ridge,full,drop,77.3270607470999,135.79643969166986,53.161557064858336,1128.0,복제일,개발 합산
ridge,full,keep,14.831063522982248,19.64716955766064,13.53385071533633,1128.0,복제일,개발 합산
ridge,no_plan,down,15.037314314533168,20.366604635975882,21.156593672430414,1128.0,복제일,개발 합산
ridge,no_plan,drop,31.718710847204097,42.11383690727564,41.505290203846215,1128.0,복제일,개발 합산
ridge,no_plan,keep,14.091148406090111,19.110816223367223,17.99262496176167,1128.0,복제일,개발 합산
baseline_lag168,-,keep,19.147058823529413,39.170316892899855,29.0,408.0,복제일,2021-05
baseline_lag24,-,keep,46.634803921568626,68.57279300988453,106.0,408.0,복제일,2021-05
baseline_요일x시간 평균,-,keep,28.128668460848388,35.73649328633025,26.313725490196077,408.0,복제일,2021-05
baseline_전체 평균,-,keep,49.180422794117646,56.011036896361155,85.71145833333335,408.0,복제일,2021-05
ensemble,full,down,14.538938552595113,22.0526103306929,28.538250496323283,408.0,복제일,2021-05
ensemble,full,drop,31.966015697253926,42.897842766898464,18.49043280566449,408.0,복제일,2021-05
ensemble,full,keep,14.1310864534848,21.74217669650479,28.320458429928053,408.0,복제일,2021-05
ensemble,no_plan,down,14.088255249034194,20.737556827130827,24.913290084632543,408.0,복제일,2021-05
ensemble,no_plan,drop,31.601762109012896,40.80827346487732,29.696103793413425,408.0,복제일,2021-05
ensemble,no_plan,keep,15.026935860908653,22.06062136263145,28.618393989809338,408.0,복제일,2021-05
lgbm,full,down,15.085662657891056,23.211640980397693,31.24219153038204,408.0,복제일,2021-05
lgbm,full,drop,30.17477930885138,40.04688327138967,36.281178422783874,408.0,복제일,2021-05
lgbm,full,keep,14.335541359808516,22.369332051248055,29.732300944434357,408.0,복제일,2021-05
lgbm,no_plan,down,14.064614801327503,21.60687625501339,27.490466389063887,408.0,복제일,2021-05
lgbm,no_plan,drop,38.6123222573008,48.653831118455415,42.21943370184048,408.0,복제일,2021-05
lgbm,no_plan,keep,15.065672061449494,24.33925109527339,32.33534458217528,408.0,복제일,2021-05
ridge,full,down,18.68782643506011,24.99597951355563,22.93085620427399,408.0,복제일,2021-05
ridge,full,drop,176.879662222015,222.92078052954523,238.63007560192156,408.0,복제일,2021-05
ridge,full,keep,19.708546340689317,25.956989004786504,27.32750101723264,408.0,복제일,2021-05
ridge,no_plan,down,18.689028255389367,25.115256769485782,24.16935640681321,408.0,복제일,2021-05
ridge,no_plan,drop,31.601762109012896,40.80827346487732,29.696103793413425,408.0,복제일,2021-05
ridge,no_plan,keep,18.589794178339226,25.208744133367087,25.261300865102335,408.0,복제일,2021-05
baseline_lag168,-,keep,7.038690476190476,9.885806323546232,13.577464788732394,672.0,복제일,2021-06
baseline_lag24,-,keep,35.388392857142854,60.0902471089864,61.74647887323944,672.0,복제일,2021-06
baseline_요일x시간 평균,-,keep,26.8719980416409,31.969028737351366,36.01664532650449,672.0,복제일,2021-06
baseline_전체 평균,-,keep,48.09881543677074,55.17211075777812,87.59080309672603,672.0,복제일,2021-06
ensemble,full,down,8.385470366183919,11.927523447296421,15.446360060896536,672.0,복제일,2021-06
ensemble,full,drop,14.692343998796897,21.766052717230785,26.777435887481303,672.0,복제일,2021-06
ensemble,full,keep,8.44577893074958,11.66369693533972,14.974089387615143,672.0,복제일,2021-06
ensemble,no_plan,down,14.248304618530442,20.933377176591073,24.178317163302314,672.0,복제일,2021-06
ensemble,no_plan,drop,31.703319995915383,43.151527904722435,42.08954554330502,672.0,복제일,2021-06
ensemble,no_plan,keep,13.93093454724224,19.69163746576757,23.324027888770672,672.0,복제일,2021-06
lgbm,full,down,9.572939485770652,13.635379810111504,18.61587824152202,672.0,복제일,2021-06
lgbm,full,drop,14.719156305940135,22.039049200580177,26.576941807141115,672.0,복제일,2021-06
lgbm,full,keep,10.112194216401734,13.524800932934992,17.032348228413433,672.0,복제일,2021-06
lgbm,no_plan,down,17.142810273844795,25.346183017699104,26.872337939221207,672.0,복제일,2021-06
lgbm,no_plan,drop,28.019219401165802,38.937127940029974,41.195825118379545,672.0,복제일,2021-06
lgbm,no_plan,keep,17.633842320249297,25.933921000853157,27.506454246258034,672.0,복제일,2021-06
ridge,full,down,12.48635549920239,15.52556924671856,13.24353640836031,672.0,복제일,2021-06
ridge,full,drop,19.85284930546001,25.387486303942563,31.269439774647548,672.0,복제일,2021-06
ridge,full,keep,12.01178593540192,14.768592754245999,11.654289690236459,672.0,복제일,2021-06
ridge,no_plan,down,12.60513040513296,16.86274361266105,20.145793930270624,672.0,복제일,2021-06
ridge,no_plan,drop,31.703319995915383,43.151527904722435,42.08954554330502,672.0,복제일,2021-06
ridge,no_plan,keep,11.402961807906257,14.476945153527218,17.29093021248248,672.0,복제일,2021-06
baseline_lag168,-,keep,11.791666666666666,13.809718799936997,10.375,48.0,복제일,2021-07
baseline_lag24,-,keep,12.666666666666666,15.098289086294955,6.0625,48.0,복제일,2021-07
baseline_요일x시간 평균,-,keep,47.93990384615385,52.57249004767249,73.86057692307692,48.0,복제일,2021-07
baseline_전체 평균,-,keep,53.02150475751993,64.56572788492329,99.3075506445672,48.0,복제일,2021-07
ensemble,full,down,28.450809421455862,33.37124779270869,41.47270520805615,48.0,복제일,2021-07
ensemble,full,drop,29.872357029550116,38.27083655560963,41.105417141846516,48.0,복제일,2021-07
ensemble,full,keep,27.562458189141257,32.51533061541257,41.38097354247903,48.0,복제일,2021-07
ensemble,no_plan,down,23.10813249025374,27.383799805617777,36.36895107585893,48.0,복제일,2021-07
ensemble,no_plan,drop,32.92824703987129,38.14549099830861,45.55532449086614,48.0,복제일,2021-07
ensemble,no_plan,keep,21.271645246405324,25.1481252993053,33.32161426277298,48.0,복제일,2021-07
lgbm,full,down,35.67405222667173,41.71350512271873,49.677232746918904,48.0,복제일,2021-07
lgbm,full,drop,29.832966744715634,38.33937311061694,40.56359839504384,48.0,복제일,2021-07
lgbm,full,keep,33.134876301506885,39.059125945150825,48.56335738091006,48.0,복제일,2021-07
lgbm,no_plan,down,27.086741172680973,33.32951256395044,44.650026132982106,48.0,복제일,2021-07
lgbm,no_plan,drop,36.30547721495947,45.766022447943016,66.600107402408,48.0,복제일,2021-07
lgbm,no_plan,keep,27.482979507903508,33.329194621588,44.190846960582334,48.0,복제일,2021-07
ridge,full,down,17.94467183269302,23.22024835137436,22.328807617376363,48.0,복제일,2021-07
ridge,full,drop,35.768908393279666,44.0027441315756,45.98178586307063,48.0,복제일,2021-07
ridge,full,keep,12.842345798596705,17.049966903796804,14.11547446940034,48.0,복제일,2021-07
ridge,no_plan,down,18.048320548858396,20.130573296149333,23.947338490174154,48.0,복제일,2021-07
ridge,no_plan,drop,32.92824703987129,38.14549099830861,45.55532449086614,48.0,복제일,2021-07
ridge,no_plan,keep,13.48727171654665,15.71666830658743,17.017765216058947,48.0,복제일,2021-07
baseline_lag168,-,keep,20.841247833622184,43.862606506758404,33.488461538461536,2885.0,전체,개발 합산
baseline_lag24,-,keep,37.74350086655112,62.42645863975915,48.35,2885.0,전체,개발 합산
baseline_요일x시간 평균,-,keep,29.14580980837544,37.750290225416556,38.833429862341,2885.0,전체,개발 합산
baseline_전체 평균,-,keep,51.00308703345918,58.307773975855255,90.02558173436974,2885.0,전체,개발 합산
ensemble,full,down,13.584235921522339,22.109408561433554,18.484762835482353,2885.0,전체,개발 합산
ensemble,full,drop,21.847846762742186,33.98362105801812,26.994143703811076,2885.0,전체,개발 합산
ensemble,full,keep,12.891798855035288,21.73316453421726,18.749798193146752,2885.0,전체,개발 합산
ensemble,no_plan,down,14.843265468352891,24.075629961561294,24.330046037588534,2885.0,전체,개발 합산
ensemble,no_plan,drop,29.338611111607506,40.05347368793069,41.51880516681715,2885.0,전체,개발 합산
ensemble,no_plan,keep,14.691052874732266,23.868698086504338,23.393967107642492,2885.0,전체,개발 합산
lgbm,full,down,14.664825530396294,24.10819493845434,21.318761274841066,2885.0,전체,개발 합산
lgbm,full,drop,21.676379743760087,33.981503264663615,27.315160004035448,2885.0,전체,개발 합산
lgbm,full,keep,13.66099568260932,22.983839735383878,20.904195092727207,2885.0,전체,개발 합산
lgbm,no_plan,down,16.176850642520655,26.425893832744823,25.45220539267872,2885.0,전체,개발 합산
lgbm,no_plan,drop,34.06173177093825,48.3918967656617,53.05440590480278,2885.0,전체,개발 합산
lgbm,no_plan,keep,16.274008903663926,26.97794012052725,25.1476654678001,2885.0,전체,개발 합산
ridge,full,down,17.34552857340921,23.7819804880232,14.883016088032303,2885.0,전체,개발 합산
ridge,full,drop,62.57229571888898,115.36540248820805,45.96641710326761,2885.0,전체,개발 합산
ridge,full,keep,17.584099236457398,24.277424406379964,13.001460818535483,2885.0,전체,개발 합산
ridge,no_plan,down,16.480653406757902,24.239141028165122,23.15256012319118,2885.0,전체,개발 합산
ridge,no_plan,drop,29.338611111607506,40.05347368793069,41.51880516681715,2885.0,전체,개발 합산
ridge,no_plan,keep,15.772337787038579,23.62800110386792,21.212038834950544,2885.0,전체,개발 합산
baseline_lag168,-,keep,24.262096774193548,46.697335352590066,33.38461538461539,744.0,전체,2021-05
baseline_lag24,-,keep,47.97715053763441,70.26595980648725,87.84615384615384,744.0,전체,2021-05
baseline_요일x시간 평균,-,keep,29.8092100639539,38.09559000351671,28.9683257918552,744.0,전체,2021-05
baseline_전체 평균,-,keep,47.09869978345281,54.50195773650066,84.83111645299148,744.0,전체,2021-05
ensemble,full,down,17.975610670656543,30.64787279911696,26.40333981078772,744.0,전체,2021-05
ensemble,full,drop,31.039065759303877,42.780632873578014,15.770799877742231,744.0,전체,2021-05
ensemble,full,keep,17.732421274476547,30.96318288243241,24.70067238765622,744.0,전체,2021-05
ensemble,no_plan,down,18.80396369118885,32.21913144879346,24.63044728160814,744.0,전체,2021-05
ensemble,no_plan,drop,30.856099154382456,41.820884810222445,29.858447086116897,744.0,전체,2021-05
ensemble,no_plan,keep,19.893164277494694,33.54240276368313,26.615958150685856,744.0,전체,2021-05
lgbm,full,down,18.59559114861803,31.957358310850122,28.839839480896295,744.0,전체,2021-05
lgbm,full,drop,29.40150048405368,40.64060757732851,32.11820321538191,744.0,전체,2021-05
lgbm,full,keep,17.928536071252232,31.579663326141787,25.85796528775018,744.0,전체,2021-05
lgbm,no_plan,down,19.40857823592712,33.86830379201935,26.487924051853803,744.0,전체,2021-05
lgbm,no_plan,drop,36.15700905421826,47.121680214917696,40.988234697843964,744.0,전체,2021-05
lgbm,no_plan,keep,20.32254239908603,35.73353807246257,29.078170658020547,744.0,전체,2021-05
ridge,full,down,22.175409506773747,31.87059334204442,24.022447214942936,744.0,전체,2021-05
ridge,full,drop,181.65912660858456,222.17073160260978,253.32865083912696,744.0,전체,2021-05
ridge,full,keep,23.46290208353595,33.52387403781441,25.83185837650884,744.0,전체,2021-05
ridge,no_plan,down,22.27562996539222,33.301813808635366,25.216695579178175,744.0,전체,2021-05
ridge,no_plan,drop,30.856099154382456,41.820884810222445,29.858447086116897,744.0,전체,2021-05
ridge,no_plan,keep,22.53199561227578,34.03275052908923,24.755670932074622,744.0,전체,2021-05
baseline_lag168,-,keep,6.666666666666667,9.561642118381132,13.577464788732394,720.0,전체,2021-06
baseline_lag24,-,keep,34.736111111111114,59.18835283323156,61.74647887323944,720.0,전체,2021-06
baseline_요일x시간 평균,-,keep,27.129900192400196,32.185270429932004,36.01664532650449,720.0,전체,2021-06
baseline_전체 평균,-,keep,49.39051692420899,56.07714581388185,87.59080309672603,720.0,전체,2021-06
ensemble,full,down,8.138060973387,11.618654684043142,15.446360060896536,720.0,전체,2021-06
ensemble,full,drop,14.257242951486386,21.1772465708945,26.777435887481303,720.0,전체,2021-06
ensemble,full,keep,8.096844474129869,11.313120050661901,14.974089387615143,720.0,전체,2021-06
ensemble,no_plan,down,13.721393258889977,20.321726552774766,24.178317163302314,720.0,전체,2021-06
ensemble,no_plan,drop,30.102689689031084,41.751702852798495,42.08954554330502,720.0,전체,2021-06
ensemble,no_plan,keep,13.299896012809745,19.07501476884034,23.324027888770672,720.0,전체,2021-06
lgbm,full,down,9.151633063874526,13.210197107787042,18.61587824152202,720.0,전체,2021-06
lgbm,full,drop,14.271807285060953,21.432304659806665,26.576941807141115,720.0,전체,2021-06
lgbm,full,keep,9.674368175868716,13.113726283314058,17.032348228413433,720.0,전체,2021-06
lgbm,no_plan,down,16.623950028570235,24.62578275221203,26.872337939221207,720.0,전체,2021-06
lgbm,no_plan,drop,28.59858342800319,39.00241488439122,41.195825118379545,720.0,전체,2021-06
lgbm,no_plan,keep,16.889890086570563,25.119457954694678,27.506454246258034,720.0,전체,2021-06
ridge,full,down,12.459854522112384,15.395468960672504,13.24353640836031,720.0,전체,2021-06
ridge,full,drop,19.353105426633256,24.83032814944101,31.269439774647548,720.0,전체,2021-06
ridge,full,keep,11.946165944697649,14.609791158740947,11.654289690236459,720.0,전체,2021-06
ridge,no_plan,down,12.443257086958313,16.5689974822133,20.145793930270624,720.0,전체,2021-06
ridge,no_plan,drop,30.102689689031084,41.751702852798495,42.08954554330502,720.0,전체,2021-06
ridge,no_plan,keep,11.101749757041551,14.151682255089275,17.29093021248248,720.0,전체,2021-06
baseline_lag168,-,keep,8.83764367816092,16.04004507403304,15.050420168067227,696.0,전체,2021-07
baseline_lag24,-,keep,40.61925287356322,65.6116338331311,38.2436974789916,696.0,전체,2021-07
baseline_요일x시간 평균,-,keep,26.430002210433244,32.61246211366573,44.030187459599226,696.0,전체,2021-07
baseline_전체 평균,-,keep,52.8452866683601,60.87576688019142,91.99977753532355,696.0,전체,2021-07
ensemble,full,down,12.363443756206223,17.372469997402913,23.317325139061857,696.0,전체,2021-07
ensemble,full,drop,14.106911219241637,20.219920811375736,29.699488211901098,696.0,전체,2021-07
ensemble,full,keep,12.189522691347097,17.269421763942063,23.37410572887468,696.0,전체,2021-07
ensemble,no_plan,down,11.39701300042965,16.338414366587234,25.950827562463253,696.0,전체,2021-07
ensemble,no_plan,drop,25.97310837213216,34.02588218710788,44.50723042904095,696.0,전체,2021-07
ensemble,no_plan,keep,10.417855941955686,14.645055382717606,23.033795746490938,696.0,전체,2021-07
lgbm,full,down,14.021469219600881,21.365846174537104,27.85528309156998,696.0,전체,2021-07
lgbm,full,drop,14.240420297978766,20.43755949467003,28.742388745599932,696.0,전체,2021-07
lgbm,full,keep,13.26306143405409,20.237827577662777,27.239777347874245,696.0,전체,2021-07
lgbm,no_plan,down,13.159576713305553,20.50373760555469,29.33153043323955,696.0,전체,2021-07
lgbm,no_plan,drop,24.484015366112303,33.70960663001685,49.895984398165034,696.0,전체,2021-07
lgbm,no_plan,keep,12.324562611859204,18.634083237034236,26.789041013124073,696.0,전체,2021-07
ridge,full,down,14.135071987640176,17.19932896484432,14.302500602652467,696.0,전체,2021-07
ridge,full,drop,20.39012368574057,27.366641333682654,39.803610886465535,696.0,전체,2021-07
ridge,full,keep,14.07406563446444,17.05665893236085,10.045834378465981,696.0,전체,2021-07
ridge,no_plan,down,12.57306449922594,15.466714831383088,21.125591440572602,696.0,전체,2021-07
ridge,no_plan,drop,25.97310837213216,34.02588218710788,44.50723042904095,696.0,전체,2021-07
ridge,no_plan,keep,11.663312793732715,14.581537585382364,17.750257929847375,696.0,전체,2021-07
baseline_lag168,-,keep,42.93103448275862,71.2764506256667,96.80701754385964,725.0,전체,2021-08
baseline_lag24,-,keep,27.467586206896552,53.18960230255015,43.75438596491228,725.0,전체,2021-08
baseline_요일x시간 평균,-,keep,33.07420597598865,46.1710780519916,33.7426211059722,725.0,전체,2021-08
baseline_전체 평균,-,keep,54.842733442802405,61.643748119588395,90.12151211361738,725.0,전체,2021-08
ensemble,full,down,15.658352468228017,23.61121247404539,10.374415154616797,725.0,전체,2021-08
ensemble,full,drop,27.385307381967923,43.35471851981096,24.175788058821514,725.0,전체,2021-08
ensemble,full,keep,13.360389591745069,21.961285105021446,12.44140106880461,725.0,전체,2021-08
ensemble,no_plan,down,15.201307165867263,23.97673372046493,21.066792220781085,725.0,전체,2021-08
ensemble,no_plan,drop,30.253427976580348,41.79086345221855,37.228269765305406,725.0,전체,2021-08
ensemble,no_plan,keep,14.836442008720498,23.350555489413892,23.49818101917531,725.0,전체,2021-08
lgbm,full,down,16.723839252123614,25.55803158093973,9.323753950212891,725.0,전체,2021-08
lgbm,full,drop,28.24083507306869,45.19926227839738,24.159611056418264,725.0,전체,2021-08
lgbm,full,keep,13.62276670701944,22.687370587747157,11.370297311472491,725.0,전체,2021-08
lgbm,no_plan,down,15.312996528429077,24.41119268298351,15.348110073371156,725.0,전체,2021-08
lgbm,no_plan,drop,46.53162297909241,66.62151866263373,77.17145188403795,725.0,전체,2021-08
lgbm,no_plan,keep,15.299210623400837,25.0170842884246,17.8863626496083,725.0,전체,2021-08
ridge,full,down,20.323089519899906,26.246992577285674,16.052696708507266,725.0,전체,2021-08
ridge,full,drop,23.78058063414681,31.251738536878158,29.846246779851842,725.0,전체,2021-08
ridge,full,keep,20.5199144624266,26.472813564526138,17.92380341895387,725.0,전체,2021-08
ridge,no_plan,down,18.29464605541173,26.412582755440276,30.65880419338662,725.0,전체,2021-08
ridge,no_plan,drop,30.253427976580348,41.79086345221855,37.228269765305406,725.0,전체,2021-08
ridge,no_plan,keep,17.418571380089986,25.099642915241727,32.51525677600135,725.0,전체,2021-08
