설정,변경 항목,MAE,흔들림,1차 조합 대비,RMSE,peakMAE,n
1차 조합 (h7_full + 가중치 0.3),-,7.15,0.12,0.0,10.83,16.54,1708
트리 수 200,n_estimators=200,7.04,0.15,-0.11,10.74,16.55,1708
트리 수 800,n_estimators=800,7.33,0.23,0.18,11.11,16.81,1708
학습률 0.03,learning_rate=0.03,7.1,0.14,-0.05,10.8,16.74,1708
학습률 0.10,learning_rate=0.1,7.76,0.04,0.61,11.9,17.98,1708
리프 수 15,num_leaves=15,6.98,0.25,-0.17,10.57,16.04,1708
리프 수 63,num_leaves=63,7.76,0.03,0.61,11.98,18.03,1708
리프 최소 표본 10,min_data_in_leaf=10,7.98,0.43,0.83,13.39,20.29,1708
리프 최소 표본 40,min_data_in_leaf=40,6.96,0.13,-0.19,10.41,15.32,1708
목적함수 L2 (참고),objective=l2,9.25,0.24,2.1,14.38,19.43,1708
