1장의 도메인 발견,파생 변수,정의,gain 중요도,피크 구간 SHAP 배율
생산량 800 부근에서 전력 포화,prod_cap,생산량을 800에서 절단,4.72%,1.14배
생산량 분포가 한쪽으로 쏠림,prod_log,log(1+생산량),2.07%,1.04배
기온 22℃ 이상에서 냉방부하 발생,cool,"max(기온-22, 0)",1.21%,1.54배
기온과 습도가 함께 작용,thi,불쾌지수 (기온·습도 결합),2.40%,2.25배
전일보다 전주 동일 요일이 유사,lag168 / lag336 / lag_week_mean4,1주 전·2주 전·최근 4주 평균 동시각,8.90%,1.37배
휴무 기간이 다음 주 시차를 오염,lag 결측 처리 + lag_prev_op,"휴무·중단 구간은 결측, 직전 가동일 동시각을 별도 변수로",-,-
휴무 길이에 따라 복귀일 부하가 다름,off_run_prev / days_since_off,직전 연속 휴무 일수 / 마지막 휴무 이후 경과일,0.26%,0.50배
부하가 기저·중·고 세 단계로 구분,shift / is_transition,야간·점심·주간 구분 / 전환 시각(7·12·17시),1.82%,1.51배
휴무 여부가 타깃에서 유도된 값,day_prod_zero,생산계획만으로 만든 휴무 근사값,1.77%,0.39배
