조치,연 최대 ΔP,CORE 월평균 ΔP,k,ΔP·k (kW),"산업용(갑)I 저압 (5,550원)","산업용(갑)II 고압A 선택I (6,490원)","산업용(갑)II 고압A 선택II (7,470원)"
A 상시 기동 분산 (30%),0.0,2.4,1,0.0,0,0,0
A 상시 기동 분산 (30%),0.0,2.4,4,0.0,0,0,0
A 상시 기동 분산 (50%),0.0,4.0,1,0.0,0,0,0
A 상시 기동 분산 (50%),0.0,4.0,4,0.0,0,0,0
A 상시 기동 분산 (100%),0.0,6.33,1,0.0,0,0,0
A 상시 기동 분산 (100%),0.0,6.33,4,0.0,0,0,0
B 경보일 피크 시각 억제 (50%),6.5,6.0,1,6.5,432900,506220,582660
B 경보일 피크 시각 억제 (50%),6.5,6.0,4,26.0,1731600,2024880,2330640
B 경보일 피크 시각 억제 (100%),13.0,10.67,1,13.0,865800,1012440,1165320
B 경보일 피크 시각 억제 (100%),13.0,10.67,4,52.0,3463200,4049760,4661280
A + B 병행 (50%),6.5,7.42,1,6.5,432900,506220,582660
A + B 병행 (50%),6.5,7.42,4,26.0,1731600,2024880,2330640
A + B 병행 (100%),13.0,10.67,1,13.0,865800,1012440,1165320
A + B 병행 (100%),13.0,10.67,4,52.0,3463200,4049760,4661280
