target_name,clone_w,seed,period,n,MAE,RMSE,bias,peak_n,peakMAE,peak_bias,peak_under_pct,active_complete_days,daily_max_MAE,daily_max_bias,incomplete_active_days,MAE_seed_std
target,0.1,0,ALL,2092.0,9.004006847067817,17.28921570962637,-1.3833725022323788,189.0,12.443874448829341,12.072529450641403,92.5925925925926,65.0,12.815718724430166,6.736645606479373,2.0,
target,0.1,0,CORE(7 to 9월),1708.0,6.736029781531378,9.649504357384034,-0.2778645442064785,184.0,12.263251442118403,11.881815547240578,92.3913043478261,52.0,11.078463115178355,7.774177104938265,2.0,
target,0.1,0,2021-05,336.0,21.6241752019112,37.2476752084347,-7.332034316632985,5.0,19.090801095791925,19.090801095791925,100.0,13.0,19.76474116143742,2.5865196126438,0.0,
target,0.1,0,2021-06,48.0,1.365012278502438,1.6747037232245423,0.9196020254835636,0.0,,,,0.0,,,0.0,
target,0.1,0,2021-07,648.0,7.420103592847945,10.898878407567421,-0.1794421487298676,103.0,14.75806373434905,14.373410230628561,95.14563106796116,22.0,14.397442451711965,11.452967687476779,0.0,
target,0.1,0,2021-08,725.0,6.70327234925712,9.206543218609044,-0.7764735479586222,57.0,9.869124926995806,9.369758085228307,85.96491228070175,19.0,9.718490438631889,6.473435793347582,1.0,
target,0.1,0,2021-09,335.0,5.4836993596379475,7.844103694910686,0.610833412365045,24.0,7.242399161378018,7.154858169979605,95.83333333333334,11.0,6.789548156145929,2.663330932608784,1.0,
target,0.1,1,ALL,2092.0,9.04125502245704,17.307816668776038,-1.3763905226938051,189.0,12.52336856191163,12.158891491476677,93.12169312169311,65.0,13.076464906520881,6.895400868129155,2.0,
target,0.1,1,CORE(7 to 9월),1708.0,6.877797922350415,9.789861848959454,-0.3953667158508817,184.0,12.272956612071109,11.898575273417816,92.93478260869566,52.0,11.478651890354977,8.278646411648655,2.0,
target,0.1,1,2021-05,336.0,21.1356693864858,37.11516072759459,-6.691382396630814,5.0,21.738528316042842,21.738528316042842,100.0,13.0,19.46771697118449,1.3624186940511611,0.0,
target,0.1,1,2021-06,48.0,1.3633696197163514,1.656353069091764,0.9204554680378679,0.0,,,,0.0,,,0.0,
target,0.1,1,2021-07,648.0,7.437568622401052,10.842225966558148,-0.28979736564812164,103.0,14.367701696863726,13.988371190319624,96.11650485436894,22.0,14.84891155750302,11.37860791174349,0.0,
target,0.1,1,2021-08,725.0,6.992310087504723,9.594587079664596,-1.0577044575017505,57.0,10.480676364458336,10.052398828167128,87.71929824561403,19.0,10.328323937637428,7.747143918272249,1.0,
target,0.1,1,2021-09,335.0,5.5471927481125505,7.876192256062762,0.8338449968819291,24.0,7.5396745445831215,7.314536854184574,91.66666666666666,11.0,6.725062656207391,2.996773172745502,1.0,
target,0.1,2,ALL,2092.0,8.720534270341389,16.58753699317559,-1.265527881930436,189.0,12.120497476126173,11.690200420512742,91.53439153439153,65.0,12.9138513536857,7.206966133301744,2.0,
target,0.1,2,CORE(7 to 9월),1708.0,6.646813837639979,9.501233095609507,-0.21836765603247418,184.0,11.963650996502857,11.521661086117321,91.30434782608695,52.0,11.393587074980978,8.428589930536377,2.0,
target,0.1,2,2021-05,336.0,20.317377878109454,35.40967347527882,-6.891588371502938,5.0,17.89244792626421,17.89244792626421,100.0,13.0,18.994908468504605,2.3204709443632217,0.0,
target,0.1,2,2021-06,48.0,1.3325144129233986,1.6285439295832094,0.8554441735412622,0.0,,,,0.0,,,0.0,
target,0.1,2,2021-07,648.0,7.272275567937665,10.77503298838766,-0.3870436401035851,103.0,14.051122438269593,13.646074871944586,94.1747572815534,22.0,13.784654526938168,10.756376547552952,0.0,
target,0.1,2,2021-08,725.0,6.6221666713592,8.975381744720936,-0.49861249763152743,57.0,10.341253269023401,9.701190654794063,84.21052631578947,19.0,11.420466388003767,8.967228630245334,1.0,
target,0.1,2,2021-09,335.0,5.490306358000163,7.832039476486161,0.7144071136313874,24.0,6.8581139950176455,6.728002529668054,95.83333333333334,11.0,6.565024266754494,2.8426407606422983,1.0,
target,0.3,0,ALL,2092.0,8.682667226968832,16.17511146555507,-1.7075851406414257,189.0,12.676671538941404,12.182687316450238,90.47619047619048,65.0,12.457024240587334,6.502276744740721,2.0,
target,0.3,0,CORE(7 to 9월),1708.0,6.7340017376972305,9.721108474960374,-0.6607345720585311,184.0,12.499505870368887,11.992098163570898,90.21739130434783,52.0,11.130829909422982,7.315311625658926,2.0,
target,0.3,0,2021-05,336.0,19.62885880672586,33.88460946832741,-7.430841355838528,5.0,19.19636814240996,19.19636814240996,100.0,13.0,17.76180156524475,3.250137221067899,0.0,
target,0.3,0,2021-06,48.0,1.3993398285840761,1.7610695031033905,1.1047756336636334,0.0,,,,0.0,,,0.0,
target,0.3,0,2021-07,648.0,7.067136800919121,10.768856585154888,0.6588869329328317,103.0,15.842497804245479,15.431296041986414,94.1747572815534,22.0,16.023133080713748,12.6940929368248,0.0,
target,0.3,0,2021-08,725.0,6.98106391884656,9.544749750741955,-2.3041198486092402,57.0,8.685896615621981,7.860441620299948,80.7017543859649,19.0,8.180174423963484,3.9759485417603373,1.0,
target,0.3,0,2021-09,335.0,5.554922327843355,7.767007252608899,0.3432642048515019,24.0,7.20982080083908,7.044891558972812,95.83333333333334,11.0,6.442810314453296,2.325739784606557,1.0,
target,0.3,1,ALL,2092.0,8.480201159176486,16.571667805460738,-1.4723928546046305,189.0,12.260566806233838,11.57845769401858,87.83068783068782,65.0,12.313542989858902,5.851131690288747,2.0,
target,0.3,1,CORE(7 to 9월),1708.0,6.353680873641712,9.397583780088583,-0.25527712190443935,184.0,12.028381208065968,11.327736522149205,87.5,52.0,10.678126454046991,6.535932105001143,2.0,
target,0.3,1,2021-05,336.0,20.30584940976369,35.50348305615999,-8.030558862848128,5.0,20.804996818811492,20.804996818811492,100.0,13.0,18.85520913310655,3.111930031439156,0.0,
target,0.3,1,2021-06,48.0,1.3693435653451338,1.689450453336671,1.125734381184704,0.0,,,,0.0,,,0.0,
target,0.3,1,2021-07,648.0,7.06149513331688,10.796611781154335,0.6754741363659005,103.0,15.823099628457605,15.391322607654994,93.20388349514563,22.0,15.755045257911739,12.037629955174204,0.0,
target,0.3,1,2021-08,725.0,6.114671260071177,8.7113242760791,-1.3236566863041026,57.0,7.443213926192413,6.054804004250686,75.43859649122807,19.0,7.414127374415647,2.842224131036627,1.0,
target,0.3,1,2021-09,335.0,5.501795290265974,7.782069373324924,0.2565090537092191,24.0,6.632486948334889,6.411394301862532,91.66666666666666,11.0,6.162105438407997,1.9125774505937274,1.0,
target,0.3,2,ALL,2092.0,8.783242232980434,16.92584807340451,-1.710447284593867,189.0,13.133769634713225,12.645924808143754,91.53439153439153,65.0,12.833405226648267,6.507541750640699,2.0,
target,0.3,2,CORE(7 to 9월),1708.0,6.612169495940514,9.70519444360478,-0.5276209324328942,184.0,12.954445278654708,12.453343799189328,91.30434782608695,52.0,11.220490728543199,7.369214557787898,2.0,
target,0.3,2,2021-05,336.0,20.87448765251809,36.11749213604422,-8.113848424063121,5.0,19.732905937666622,19.732905937666622,100.0,13.0,19.285063219068547,3.0608505220519047,0.0,
target,0.3,2,2021-06,48.0,1.3985291892207297,1.7340439046531126,1.024456327296298,0.0,,,,0.0,,,0.0,
target,0.3,2,2021-07,648.0,7.150719080526608,11.023956563297702,0.5441275311581334,103.0,16.241373703279045,15.836136920330164,94.1747572815534,22.0,16.002761144253252,12.571538022903008,0.0,
target,0.3,2,2021-08,725.0,6.691739176378602,9.316358739932364,-1.919407749229313,57.0,9.477561176200545,8.675265541194383,84.21052631578947,19.0,8.50155251347177,4.179931969561477,1.0,
target,0.3,2,2021-09,335.0,5.398234722419913,7.570947361767528,0.41134156837432284,24.0,7.105643866303899,6.908459183697911,95.83333333333334,11.0,6.352297723155545,2.4733284617669526,1.0,
target_max15,0.1,0,ALL,2092.0,10.267316178146316,19.071233250412448,-1.4870351449108752,220.0,12.746084301122837,12.103689675709637,85.45454545454545,65.0,13.635763309530736,7.087698573229918,2.0,
target_max15,0.1,0,CORE(7 to 9월),1708.0,7.888294897548916,10.97636811656637,-0.22346104892400112,213.0,12.138565636704394,11.475059450831605,84.97652582159625,52.0,11.451070830028256,8.763975611609405,2.0,
target_max15,0.1,0,2021-05,336.0,23.52743305392417,40.63195573670712,-8.31195053206051,7.0,31.23200937556972,31.23200937556972,100.0,13.0,22.374533227540663,0.3825904197119686,0.0,
target_max15,0.1,0,2021-06,48.0,2.1000052822921416,2.8256768159629595,1.3251943162702948,0.0,,,,0.0,,,0.0,
target_max15,0.1,0,2021-07,648.0,8.199484114212426,11.645511183255511,1.3969370680971818,116.0,15.833089435019984,15.524701787824283,92.24137931034483,22.0,16.549884036645327,14.174536878384778,0.0,
target_max15,0.1,0,2021-08,725.0,8.353375827028415,11.311061716559196,-1.9371069717101708,69.0,8.16989949963934,6.875862774375216,73.91304347826086,19.0,8.935377198660671,5.304860985989124,1.0,
target_max15,0.1,0,2021-09,335.0,6.279834341517304,8.663520735457766,0.35079362030061495,28.0,6.612608595735843,6.031704435986609,82.14285714285714,11.0,5.598733416429028,3.917687431402788,1.0,
target_max15,0.1,1,ALL,2092.0,9.649392961669198,18.011533069496604,-0.9863968505509932,220.0,12.873895577951417,12.277249408184671,88.18181818181819,65.0,13.670780368376066,7.213290555575194,2.0,
target_max15,0.1,1,CORE(7 to 9월),1708.0,7.43602264385165,10.451241487585477,0.1940350452674786,213.0,12.314486243832063,11.698231983979085,87.79342723004694,52.0,11.390287046630988,8.82874761251406,2.0,
target_max15,0.1,1,2021-05,336.0,21.995422818771925,38.256868359597384,-7.29379594038605,7.0,29.895922459011846,29.895922459011846,100.0,13.0,22.79275365535639,0.7514623278197365,0.0,
target_max15,0.1,1,2021-06,48.0,1.9862777709578943,2.6968591359074576,1.1616951520871142,0.0,,,,0.0,,,0.0,
target_max15,0.1,1,2021-07,648.0,8.114991039442696,11.681813150989818,1.9955580000075461,116.0,16.545956977853965,16.42736030435163,97.41379310344827,22.0,17.007932545011624,14.842197799951059,0.0,
target_max15,0.1,1,2021-08,725.0,7.374380544985573,10.021652415899466,-1.5779965037860078,69.0,7.647914094172897,6.109350624096472,71.01449275362319,19.0,7.9848907216156135,4.485984603720929,1.0,
target_max15,0.1,1,2021-09,335.0,6.256079364254358,8.693577459257373,0.5442917568860275,28.0,6.2838745716871385,5.878729436432129,89.28571428571429,11.0,6.037044247623523,4.302983343737288,1.0,
target_max15,0.1,2,ALL,2092.0,10.099342608744708,18.743670836356802,-1.2815156171244337,220.0,13.180863095180325,12.50875517493634,86.81818181818181,65.0,13.760736910553293,7.34625123851067,2.0,
target_max15,0.1,2,CORE(7 to 9월),1708.0,7.860042513138385,10.926362908203144,-0.13020130210682038,213.0,12.598120150777872,11.903924176816949,86.3849765258216,52.0,11.555675649665687,8.893381664716106,2.0,
target_max15,0.1,2,2021-05,336.0,22.627062122336785,39.74229980428667,-7.4784110768757035,7.0,30.912898403426414,30.912898403426414,100.0,13.0,22.580981954103716,1.1577295336889222,0.0,
target_max15,0.1,2,2021-06,48.0,2.087067748925165,2.7639965230805372,1.1291515584243845,0.0,,,,0.0,,,0.0,
target_max15,0.1,2,2021-07,648.0,8.270444891633705,11.792154233224968,1.6984765525457248,116.0,16.604663586184646,16.399427417459727,93.96551724137932,22.0,17.0819924093485,15.033261960188657,0.0,
target_max15,0.1,2,2021-08,725.0,8.29268648496179,11.116713365723333,-2.030489901549578,69.0,8.410770786491259,6.92266801510957,73.91304347826086,19.0,8.597212517259564,4.52616775687151,1.0,
target_max15,0.1,2,2021-09,335.0,6.129870510640073,8.500437889979196,0.4451001450010902,28.0,6.318408280370399,5.55493486407577,85.71428571428571,11.0,5.613114813547017,4.1569905509571266,1.0,
target_max15,0.3,0,ALL,2092.0,9.781591632861808,18.721295012064534,-1.2609849428824553,220.0,13.591307364697704,12.811588198392172,87.27272727272727,65.0,13.909974506922234,6.73763838307436,2.0,
target_max15,0.3,0,CORE(7 to 9월),1708.0,7.440574311369459,10.613283069604131,0.30149094811009247,213.0,13.077077583650018,12.27173384380393,86.85446009389672,52.0,11.797626473923629,8.501684685484614,2.0,
target_max15,0.3,0,2021-05,336.0,22.77534892815997,40.10527845585132,-9.599531963233636,7.0,29.23858498800583,29.23858498800583,100.0,13.0,22.35936663891666,-0.31854682656665123,0.0,
target_max15,0.3,0,2021-06,48.0,2.1264902555440703,2.8606616775995333,1.5107437450909826,0.0,,,,0.0,,,0.0,
target_max15,0.3,0,2021-07,648.0,7.843559930088895,11.457814502232637,2.609869586266254,116.0,17.123682925381697,16.810494162808833,95.6896551724138,22.0,17.3695256348007,15.080341284354466,0.0,
target_max15,0.3,0,2021-08,725.0,7.639424823473969,10.702968034558404,-1.6848142673043192,69.0,9.041939133321097,7.343622385047849,73.91304347826086,19.0,8.942253065852952,3.536709320611098,1.0,
target_max15,0.3,0,2021-09,335.0,6.230719677918821,8.511700466951662,0.13504892915563277,28.0,6.256303777643622,5.612572902718239,82.14285714285714,11.0,5.58583676610975,3.920238027071885,1.0,
target_max15,0.3,1,ALL,2092.0,9.52979650726066,18.11005763815619,-1.4289280295554632,220.0,13.153613382506823,12.387071673553296,87.72727272727273,65.0,13.136890292225406,7.184652026709791,2.0,
target_max15,0.3,1,CORE(7 to 9월),1708.0,7.232265289715139,10.201759764743787,0.15543420901282082,213.0,12.675165868727804,11.883432648212422,87.32394366197182,52.0,11.246685874267834,8.705812150060384,2.0,
target_max15,0.3,1,2021-05,336.0,22.263930294283266,38.88194371228391,-9.892980720272485,7.0,27.712087730354124,27.712087730354124,100.0,13.0,20.697707964055684,1.1000115333074256,0.0,
target_max15,0.3,1,2021-06,48.0,2.1446791557637748,2.8639123697402136,1.4425511497422445,0.0,,,,0.0,,,0.0,
target_max15,0.3,1,2021-07,648.0,7.613052444103611,11.107728214787361,2.613011734343844,116.0,16.647911002476945,16.28123496619286,94.82758620689656,22.0,16.603146345299468,15.215629260426033,0.0,
target_max15,0.3,1,2021-08,725.0,7.460796406916099,10.159342060617877,-2.088661391863536,69.0,8.655524264987685,7.01774279468616,75.36231884057972,19.0,8.395426417554326,3.870897733041994,1.0,
target_max15,0.3,1,2021-09,335.0,6.001115629970581,8.282598169170425,0.25829711713477693,28.0,6.122195695269492,5.654415898483181,85.71428571428571,11.0,5.4586676301642685,4.037393740542663,1.0,
target_max15,0.3,2,ALL,2092.0,9.636112670816075,18.555822738470326,-1.4337102882375627,220.0,13.29596204484404,12.479381246874391,87.27272727272727,65.0,13.933730289729901,6.436172081450347,2.0,
target_max15,0.3,2,CORE(7 to 9월),1708.0,7.291830508380579,10.322609724480834,0.11316162182265607,213.0,12.796978019521294,11.953561232885978,86.85446009389672,52.0,11.731439243818151,8.110733930771516,2.0,
target_max15,0.3,2,2021-05,336.0,22.637312107000948,40.01320584976119,-9.694260081924753,7.0,28.47933310109326,28.47933310109326,100.0,13.0,22.742894473376893,-0.2620753158343311,0.0,
target_max15,0.3,2,2021-06,48.0,2.0450902308516925,2.743472146840637,1.3472794679299802,0.0,,,,0.0,,,0.0,
target_max15,0.3,2,2021-07,648.0,7.5874090240299585,11.006898570195212,2.1087335832908565,116.0,16.18622204317279,15.70818587672103,93.10344827586206,22.0,16.704098428592257,13.729386581666239,0.0,
target_max15,0.3,2,2021-08,725.0,7.551297224678896,10.476037053942942,-1.5513982148417576,69.0,9.739586827497023,8.224945412589715,76.81159420289855,19.0,9.798721225227217,4.378316849095926,1.0,
target_max15,0.3,2,2021-09,335.0,6.158552157762434,8.450894936253153,-0.14452419743016204,28.0,6.290109644739191,5.587062408442272,85.71428571428571,11.0,5.1244519972906435,3.3203308609671818,1.0,
target,0.1,ensemble,ALL,2092.0,8.86080721008079,16.996602153975722,-1.3417636356188736,189.0,12.344312296390608,11.973873787543612,92.06349206349206,65.0,12.949796347645474,7.041537960799342,2.0,
target,0.1,ensemble,CORE(7 to 9월),1708.0,6.693301323905046,9.55167706947612,-0.29719963869661115,184.0,12.14785540826627,11.767350635591905,91.84782608695652,52.0,11.329721035140334,8.242767434016685,2.0,
target,0.1,ensemble,2021-05,336.0,20.951642642787014,36.53061420185005,-6.971668361588911,5.0,19.573925779366327,19.573925779366327,100.0,13.0,19.430097597666034,2.2366200679299832,0.0,
target,0.1,ensemble,2021-06,48.0,1.3520436308908472,1.6490944666093001,0.8985005556875644,0.0,,,,0.0,,,0.0,
target,0.1,ensemble,2021-07,648.0,7.343218703847994,10.790576592739692,-0.28542771816052487,103.0,14.388200800709292,14.002618764297592,95.14563106796116,22.0,14.385848287715852,11.277959848850468,0.0,
target,0.1,ensemble,2021-08,725.0,6.6704801767261195,9.088791388139231,-0.7775968343639663,57.0,10.188599498755844,9.707782522729834,84.21052631578947,19.0,10.436200612508765,7.767048326379941,1.0,
target,0.1,ensemble,2021-09,335.0,5.485536755253376,7.820421422301885,0.7196951742927875,24.0,7.186272550785546,7.065799184610746,95.83333333333334,11.0,6.760819987262013,2.9940792448125766,1.0,
target,0.3,ensemble,ALL,2092.0,8.59361507804551,16.5128000795066,-1.6301417599466412,189.0,12.675176482542527,12.135689939537524,89.94708994708994,65.0,12.555415732497702,6.379221999501151,2.0,
target,0.3,ensemble,CORE(7 to 9월),1708.0,6.507754539710784,9.535967944728934,-0.48121087546528846,184.0,12.478539331715892,11.924392828303144,89.67391304347827,52.0,11.018200164489702,7.1396542143560655,2.0,
target,0.3,ensemble,2021-05,336.0,20.226228396848207,35.143092521161876,-7.858416214249925,5.0,19.91142363296269,19.91142363296269,100.0,13.0,18.704278004529712,3.3374931400815004,0.0,
target,0.3,ensemble,2021-06,48.0,1.3871926688372174,1.720899841951576,1.0849887807148784,0.0,,,,0.0,,,0.0,
target,0.3,ensemble,2021-07,648.0,7.05791984353181,10.830406035894011,0.626162866818955,103.0,15.964087039546794,15.552918523323852,93.20388349514563,22.0,15.967107059272813,12.54304817285225,0.0,
target,0.3,ensemble,2021-08,725.0,6.5062451678991104,9.065606295087195,-1.849061428047552,57.0,8.49594392697757,7.530170388581672,80.7017543859649,19.0,8.038218941534929,3.6730171594578103,1.0,
target,0.3,ensemble,2021-09,335.0,5.446820741762841,7.673029405759859,0.3370382756450143,24.0,6.9783945051951095,6.788248348177748,95.83333333333334,11.0,6.267626669118086,2.320693937642504,1.0,
target_max15,0.1,ensemble,ALL,2092.0,9.948974078124936,18.546112581197548,-1.251649204195434,220.0,12.898921801748024,12.29656475294355,85.9090909090909,65.0,13.708365712630034,7.288826351973314,2.0,
target_max15,0.1,ensemble,CORE(7 to 9월),1708.0,7.67566140119113,10.694272233503511,-0.053209101921114506,213.0,12.314558024237307,11.692405203875879,85.44600938967136,52.0,11.492314919289804,8.903203178123324,2.0,
target_max15,0.1,ensemble,2021-05,336.0,22.632306934211122,39.48539822535078,-7.694719183107421,7.0,30.680276746002658,30.680276746002658,100.0,13.0,22.572568885990957,0.8313190473732692,0.0,
target_max15,0.1,ensemble,2021-06,48.0,2.0576868397495627,2.7562246686546126,1.2053470089272647,0.0,,,,0.0,,,0.0,
target_max15,0.1,ensemble,2021-07,648.0,8.145299851782202,11.655773638919083,1.696990540216817,116.0,16.305716369635114,16.117163169878545,93.96551724137932,22.0,16.90498088667673,14.719368014920773,0.0,
target_max15,0.1,ensemble,2021-08,725.0,7.943590884963849,10.677924757267482,-1.8485311256819186,69.0,8.00891258807914,6.6359604711937505,71.01449275362319,19.0,8.522983256807168,4.888027496529385,1.0,
target_max15,0.1,ensemble,2021-09,335.0,6.187379037853111,8.576458419450638,0.4467285073959105,28.0,6.3900997038361735,5.821789578831506,85.71428571428571,11.0,5.7958285833495955,4.20617695455432,1.0,
target_max15,0.3,ensemble,ALL,2092.0,9.593988098435503,18.417681550366257,-1.374541086891827,220.0,13.33004469662269,12.559347039606623,87.72727272727273,65.0,13.70861664066556,6.925443780751979,2.0,
target_max15,0.3,ensemble,CORE(7 to 9월),1708.0,7.268807012821931,10.315277355279118,0.19002892631518992,213.0,12.832268323998125,12.036242574967442,87.32394366197182,52.0,11.614893529810631,8.536778107369239,2.0,
target_max15,0.3,ensemble,2021-05,336.0,22.483454076644826,39.6227937999868,-9.728924255143625,7.0,28.4766686064844,28.4766686064844,100.0,13.0,22.083509084085282,0.48010647428293723,0.0,
target_max15,0.3,ensemble,2021-06,48.0,2.1054198807198454,2.8182608643651337,1.4335247875877357,0.0,,,,0.0,,,0.0,
target_max15,0.3,ensemble,2021-07,648.0,7.63940418855762,11.147402330411104,2.4438716346336515,116.0,16.638876583359654,16.26663833524091,94.82758620689656,22.0,16.874903657067037,14.80627419312935,0.0,
target_max15,0.3,ensemble,2021-08,725.0,7.475153945917673,10.35396879252365,-1.7749579580032044,69.0,9.119832444872712,7.52877019744124,75.36231884057972,19.0,9.106177640038592,4.020992905544604,1.0,
target_max15,0.3,ensemble,2021-09,335.0,6.105378665445393,8.374234962000243,0.08294061628674998,28.0,6.210536808773711,5.618017069881234,85.71428571428571,11.0,5.428109812176791,3.79777855718248,1.0,
target,0.1,seed_metric_mean,ALL,2092.0,8.921932046622082,17.06152312385933,-1.3417636356188734,189.0,12.36258016228905,11.973873787543608,92.41622574955909,65.0,12.935344994878916,6.94633753597009,2.0,0.17540711177304832
target,0.1,seed_metric_mean,CORE(7 to 9월),1708.0,6.753547180507257,9.64686643398433,-0.2971996386966114,184.0,12.166619683564122,11.767350635591905,92.21014492753623,52.0,11.31690069350477,8.160471149041099,2.0,0.11648414612100494
target,0.1,seed_metric_mean,2021-05,336.0,21.025740822168817,36.59083647043604,-6.971668361588912,5.0,19.573925779366323,19.573925779366323,100.0,13.0,19.409122200375506,2.089803083686061,0.0,0.6602976815902396
target,0.1,seed_metric_mean,2021-06,48.0,1.3536321037140626,1.653200240633172,0.8985005556875646,0.0,,,,0.0,,,0.0,0.01830689023890868
target,0.1,seed_metric_mean,2021-07,648.0,7.37664926106222,10.838712454171075,-0.28542771816052476,103.0,14.392295956494124,14.002618764297589,95.14563106796118,22.0,14.34366951205105,11.195984048924407,0.0,0.09081110987465589
target,0.1,seed_metric_mean,2021-08,725.0,6.772583036040348,9.258837347664858,-0.7775968343639668,57.0,10.23035152015918,9.707782522729833,85.96491228070175,19.0,10.489093588091029,7.729269447288388,1.0,0.19456236944934002
target,0.1,seed_metric_mean,2021-09,335.0,5.507066155250221,7.85077847581987,0.7196951742927872,24.0,7.213395900326262,7.065799184610744,94.44444444444446,11.0,6.693211693035938,2.834248288665528,1.0,0.03490731582195891
target,0.3,seed_metric_mean,ALL,2092.0,8.648703539708585,16.557542448140108,-1.630141759946641,189.0,12.690335993296154,12.135689939537523,89.94708994708994,65.0,12.534657485698167,6.2869833952233884,2.0,0.1543490270208931
target,0.3,seed_metric_mean,CORE(7 to 9월),1708.0,6.5666173690931515,9.60796223288458,-0.48121087546528823,184.0,12.49411078569652,11.924392828303143,89.67391304347825,52.0,11.009815697337723,7.073486096149321,2.0,0.19420926111857462
target,0.3,seed_metric_mean,2021-05,336.0,20.269731956335878,35.16852822017721,-7.858416214249925,5.0,19.91142363296269,19.91142363296269,100.0,13.0,18.634024639139948,3.140972591519653,0.0,0.6235993571188182
target,0.3,seed_metric_mean,2021-06,48.0,1.38907086104998,1.7281879536977247,1.0849887807148786,0.0,,,,0.0,,,0.0,0.017089146582383242
target,0.3,seed_metric_mean,2021-07,648.0,7.09311700492087,10.863141643202306,0.6261628668189552,103.0,15.968990378660711,15.552918523323859,93.85113268608414,22.0,15.926979827626246,12.434420304967338,0.0,0.049964551823272266
target,0.3,seed_metric_mean,2021-08,725.0,6.59582478509878,9.19081092225114,-1.849061428047552,57.0,8.535557239338313,7.530170388581673,80.11695906432747,19.0,8.031951437283633,3.6660348807861474,1.0,0.44108812910336165
target,0.3,seed_metric_mean,2021-09,335.0,5.484984113509747,7.706674662567117,0.3370382756450146,24.0,6.982650538492623,6.788248348177752,94.44444444444446,11.0,6.31907115867228,2.2372152323224124,1.0,0.07968508750876699
target_max15,0.1,seed_metric_mean,ALL,2092.0,10.005350582853408,18.608812385421952,-1.2516492041954341,220.0,12.933614324751526,12.296564752943548,86.81818181818181,65.0,13.689093529486698,7.2157467891052605,2.0,0.3195045399735663
target_max15,0.1,seed_metric_mean,CORE(7 to 9월),1708.0,7.728120018179649,10.78465750411833,-0.0532091019211143,213.0,12.350390677104777,11.692405203875879,86.38497652582161,52.0,11.465677842108311,8.82870162961319,2.0,0.2533578622683816
target_max15,0.1,seed_metric_mean,2021-05,336.0,22.716639331677627,39.54370796686373,-7.694719183107421,7.0,30.68027674600266,30.68027674600266,100.0,13.0,22.582756279000254,0.7639274270735424,0.0,0.7699233062310694
target_max15,0.1,seed_metric_mean,2021-06,48.0,2.0577836007250667,2.762177491650318,1.2053470089272647,0.0,,,,0.0,,,0.0,0.06226281161676128
target_max15,0.1,seed_metric_mean,2021-07,648.0,8.194973348429608,11.706492855823432,1.6969905402168175,116.0,16.32790333301953,16.11716316987855,94.54022988505749,22.0,16.879936330335152,14.683332212841497,0.0,0.07782503001102253
target_max15,0.1,seed_metric_mean,2021-08,725.0,8.006814285658592,10.816475832727333,-1.8485311256819188,69.0,8.076194793434498,6.635960471193752,72.94685990338164,19.0,8.50582681251195,4.772337782193855,1.0,0.548543641214053
target_max15,0.1,seed_metric_mean,2021-09,335.0,6.221928072137246,8.619178694898112,0.44672850739591086,28.0,6.404963815931127,5.821789578831503,85.71428571428571,11.0,5.7496308258665225,4.125887108699067,1.0,0.0806040985793836
target_max15,0.3,seed_metric_mean,ALL,2092.0,9.649166936979514,18.46239179623035,-1.374541086891827,220.0,13.346960930682854,12.559347039606621,87.42424242424242,65.0,13.66019836295918,6.786154163744833,2.0,0.12640414043030382
target_max15,0.3,seed_metric_mean,CORE(7 to 9월),1708.0,7.321556703155058,10.379217519609584,0.19002892631518978,213.0,12.849740490633039,12.036242574967444,87.01095461658842,52.0,11.591917197336537,8.439410255438839,2.0,0.10728884898941123
target_max15,0.3,seed_metric_mean,2021-05,336.0,22.5588637764814,39.66680933929881,-9.728924255143625,7.0,28.476668606484406,28.476668606484406,100.0,13.0,21.93332302544975,0.17312979696881445,0.0,0.2645805363023855
target_max15,0.3,seed_metric_mean,2021-06,48.0,2.105419880719846,2.822682064726795,1.4335247875877357,0.0,,,,0.0,,,0.0,0.05303262215571727
target_max15,0.3,seed_metric_mean,2021-07,648.0,7.681340466074155,11.190813762405071,2.4438716346336515,116.0,16.652605323677147,16.26663833524091,94.54022988505749,22.0,16.892256802897474,14.675119042148912,0.0,0.14107006105900205
target_max15,0.3,seed_metric_mean,2021-08,725.0,7.550506151689654,10.446115716373074,-1.7749579580032044,69.0,9.145683408601935,7.528770197441241,75.3623188405797,19.0,9.045466902878166,3.9286413009163397,1.0,0.08931683574695608
target_max15,0.3,seed_metric_mean,2021-09,335.0,6.130129155217278,8.41506452412508,0.08294061628674922,28.0,6.222869705884102,5.618017069881231,84.52380952380952,11.0,5.389652131188221,3.7593208761939105,1.0,0.11741126442473832
