dt,날짜,fold,hour,dow,target,pred,error,abs_error,is_peak,prod,day_prod,temp,is_holiday,after_off,off_run_prev,is_transition,after_prod_end,is_off
2021-05-05 09:00:00,20210505,2021-05,9,3,21,141.40778723963282,-120.40778723963282,120.40778723963282,False,0,2190,17.4,1,0,0.0,0,1,False
2021-05-05 08:00:00,20210505,2021-05,8,3,21,140.2767509144535,-119.27675091445349,119.27675091445349,False,0,2190,15.7,1,0,0.0,0,1,False
2021-05-05 11:00:00,20210505,2021-05,11,3,21,139.58473488538039,-118.58473488538039,118.58473488538039,False,0,2190,21.7,1,0,0.0,0,1,False
2021-05-19 08:00:00,20210519,2021-05,8,3,21,137.9314663993404,-116.9314663993404,116.9314663993404,False,841,2990,19.4,1,0,0.0,0,0,False
2021-05-05 13:00:00,20210505,2021-05,13,3,24,139.05125356432416,-115.05125356432416,115.05125356432416,False,0,2190,23.3,1,0,0.0,0,1,False
2021-05-05 14:00:00,20210505,2021-05,14,3,21,135.46944889043502,-114.46944889043502,114.46944889043502,False,0,2190,23.7,1,0,0.0,0,1,False
2021-05-05 10:00:00,20210505,2021-05,10,3,23,133.97101203399532,-110.97101203399532,110.97101203399532,False,0,2190,19.3,1,0,0.0,0,1,False
2021-05-05 15:00:00,20210505,2021-05,15,3,21,127.33334181253116,-106.33334181253116,106.33334181253116,False,0,2190,23.6,1,0,0.0,0,1,False
2021-05-05 18:00:00,20210505,2021-05,18,3,21,124.86831963276212,-103.86831963276212,103.86831963276212,False,0,2190,21.4,1,0,0.0,0,1,False
2021-05-19 09:00:00,20210519,2021-05,9,3,23,124.83288470556299,-101.83288470556299,101.83288470556299,False,0,2990,20.5,1,0,0.0,0,1,False
2021-05-05 16:00:00,20210505,2021-05,16,3,23,122.70445177958582,-99.70445177958582,99.70445177958582,False,0,2190,23.4,1,0,0.0,0,1,False
2021-05-05 19:00:00,20210505,2021-05,19,3,21,119.27564565611807,-98.27564565611807,98.27564565611807,False,0,2190,20.1,1,0,0.0,0,1,False
2021-05-19 14:00:00,20210519,2021-05,14,3,20,116.0277398522963,-96.0277398522963,96.0277398522963,False,0,2990,25.1,1,0,0.0,0,1,False
2021-05-19 13:00:00,20210519,2021-05,13,3,21,116.51366277227028,-95.51366277227028,95.51366277227028,False,0,2990,24.9,1,0,0.0,0,1,False
2021-05-19 11:00:00,20210519,2021-05,11,3,21,115.85347228450901,-94.85347228450901,94.85347228450901,False,0,2990,24.1,1,0,0.0,0,1,False
2021-05-05 17:00:00,20210505,2021-05,17,3,22,115.53423078388646,-93.53423078388646,93.53423078388646,False,0,2190,22.6,1,0,0.0,1,1,False
2021-05-05 21:00:00,20210505,2021-05,21,3,21,113.48733120429229,-92.48733120429229,92.48733120429229,False,0,2190,17.2,1,0,0.0,0,1,False
2021-05-19 15:00:00,20210519,2021-05,15,3,20,111.45667945912287,-91.45667945912287,91.45667945912287,False,0,2990,25.3,1,0,0.0,0,1,False
2021-05-19 10:00:00,20210519,2021-05,10,3,21,112.29669735903171,-91.29669735903171,91.29669735903171,False,0,2990,23.2,1,0,0.0,0,1,False
2021-05-05 20:00:00,20210505,2021-05,20,3,24,114.87802129798807,-90.87802129798807,90.87802129798807,False,0,2190,19.0,1,0,0.0,0,1,False
2021-05-19 18:00:00,20210519,2021-05,18,3,21,111.26601143147299,-90.26601143147299,90.26601143147299,False,0,2990,23.4,1,0,0.0,0,1,False
2021-05-19 16:00:00,20210519,2021-05,16,3,23,111.08343481112728,-88.08343481112728,88.08343481112728,False,0,2990,25.1,1,0,0.0,0,1,False
2021-05-05 22:00:00,20210505,2021-05,22,3,22,107.13706925215035,-85.13706925215035,85.13706925215035,False,0,2190,16.9,1,0,0.0,0,1,False
2021-05-05 23:00:00,20210505,2021-05,23,3,24,104.00076633643114,-80.00076633643114,80.00076633643114,False,0,2190,14.3,1,0,0.0,0,1,False
2021-05-05 12:00:00,20210505,2021-05,12,3,20,99.82882658139052,-79.82882658139052,79.82882658139052,False,0,2190,22.8,1,0,0.0,1,1,False
2021-05-19 17:00:00,20210519,2021-05,17,3,21,96.45175754483579,-75.45175754483579,75.45175754483579,False,0,2990,24.2,1,0,0.0,1,1,False
2021-05-12 13:00:00,20210512,2021-05,13,3,178,104.47532068042358,73.52467931957642,73.52467931957642,True,1820,20189,19.3,0,0,0.0,0,0,False
2021-05-19 19:00:00,20210519,2021-05,19,3,23,95.6406910699345,-72.6406910699345,72.6406910699345,False,0,2990,21.5,1,0,0.0,0,1,False
2021-05-20 06:00:00,20210520,2021-05,6,4,20,88.84957554945863,-68.84957554945863,68.84957554945863,False,0,15890,16.4,0,0,0.0,0,0,False
2021-05-20 03:00:00,20210520,2021-05,3,4,20,88.5577676784671,-68.5577676784671,68.5577676784671,False,0,15890,16.7,0,0,0.0,0,0,False
2021-05-20 04:00:00,20210520,2021-05,4,4,20,87.6444260227991,-67.6444260227991,67.6444260227991,False,0,15890,17.0,0,0,0.0,0,0,False
2021-05-20 02:00:00,20210520,2021-05,2,4,22,87.88808350587654,-65.88808350587654,65.88808350587654,False,0,15890,17.4,0,0,0.0,0,0,False
2021-05-20 01:00:00,20210520,2021-05,1,4,21,86.53564843077173,-65.53564843077173,65.53564843077173,False,0,15890,17.5,0,0,0.0,0,0,False
2021-05-19 23:00:00,20210519,2021-05,23,3,21,85.69096665411787,-64.69096665411787,64.69096665411787,False,0,2990,17.8,1,0,0.0,0,1,False
2021-05-12 11:00:00,20210512,2021-05,11,3,168,103.8325686352387,64.1674313647613,64.1674313647613,False,952,20189,17.0,0,0,0.0,0,0,False
2021-05-19 21:00:00,20210519,2021-05,21,3,22,85.42591650603474,-63.42591650603474,63.42591650603474,False,0,2990,18.8,1,0,0.0,0,1,False
2021-05-19 20:00:00,20210519,2021-05,20,3,21,83.9183965863562,-62.918396586356195,62.918396586356195,False,0,2990,19.6,1,0,0.0,0,1,False
2021-05-12 08:00:00,20210512,2021-05,8,3,169,107.21007940805673,61.78992059194327,61.78992059194327,False,691,20189,15.9,0,0,0.0,0,0,False
2021-05-12 14:00:00,20210512,2021-05,14,3,164,102.7498679535763,61.2501320464237,61.2501320464237,False,1492,20189,20.8,0,0,0.0,0,0,False
2021-05-19 22:00:00,20210519,2021-05,22,3,23,84.17487504267426,-61.17487504267426,61.17487504267426,False,0,2990,18.2,1,0,0.0,0,1,False
2021-05-26 11:00:00,20210526,2021-05,11,3,157,96.59577186795597,60.404228132044025,60.404228132044025,False,608,19944,22.1,0,0,0.0,0,0,False
2021-05-26 08:00:00,20210526,2021-05,8,3,155,94.78692592653208,60.21307407346792,60.21307407346792,False,1027,19944,17.3,0,0,0.0,0,0,False
2021-05-26 14:00:00,20210526,2021-05,14,3,157,97.22148214669251,59.77851785330749,59.77851785330749,False,2331,19944,23.1,0,0,0.0,0,0,False
2021-05-20 05:00:00,20210520,2021-05,5,4,23,80.90832734341545,-57.90832734341545,57.90832734341545,False,0,15890,16.5,0,0,0.0,0,0,False
2021-05-26 09:00:00,20210526,2021-05,9,3,154,96.30326660680561,57.69673339319439,57.69673339319439,False,824,19944,19.2,0,0,0.0,0,0,False
2021-05-12 16:00:00,20210512,2021-05,16,3,159,101.32295354495587,57.677046455044135,57.677046455044135,False,760,20189,18.1,0,0,0.0,0,0,False
2021-05-26 13:00:00,20210526,2021-05,13,3,157,99.9409867481332,57.0590132518668,57.0590132518668,False,2094,19944,23.2,0,0,0.0,0,0,False
2021-05-19 12:00:00,20210519,2021-05,12,3,22,79.04586945123332,-57.045869451233315,57.045869451233315,False,0,2990,25.7,1,0,0.0,1,1,False
2021-05-12 18:00:00,20210512,2021-05,18,3,157,101.60283359652938,55.39716640347062,55.39716640347062,False,1012,20189,17.5,0,0,0.0,0,0,False
2021-05-12 09:00:00,20210512,2021-05,9,3,160,105.64141469048222,54.35858530951778,54.35858530951778,False,716,20189,16.2,0,0,0.0,0,0,False
2021-05-19 07:00:00,20210519,2021-05,7,3,54,108.06499802136155,-54.064998021361546,54.064998021361546,False,780,2990,17.5,1,0,0.0,1,0,False
2021-05-12 15:00:00,20210512,2021-05,15,3,153,101.87458725923427,51.125412740765725,51.125412740765725,False,1155,20189,19.8,0,0,0.0,0,0,False
2021-08-16 16:00:00,20210816,2021-08,16,1,116,166.98756300247146,-50.98756300247146,50.98756300247146,False,1490,10238,24.7,1,1,1.0,0,0,False
2021-07-22 09:00:00,20210722,2021-07,9,4,192,141.15671253082397,50.84328746917603,50.84328746917603,True,491,15801,28.1,0,0,0.0,0,0,False
2021-05-26 10:00:00,20210526,2021-05,10,3,147,96.76433799260168,50.23566200739832,50.23566200739832,False,2179,19944,21.2,0,0,0.0,0,0,False
2021-05-26 15:00:00,20210526,2021-05,15,3,145,95.20601545461784,49.79398454538216,49.79398454538216,False,1622,19944,22.4,0,0,0.0,0,0,False
2021-05-05 07:00:00,20210505,2021-05,7,3,63,111.47791038460922,-48.47791038460922,48.47791038460922,False,1071,2190,15.5,1,0,0.0,1,0,False
2021-07-20 05:00:00,20210720,2021-07,5,2,91,137.7024951649112,-46.7024951649112,46.7024951649112,False,388,23473,25.1,0,0,0.0,0,0,False
2021-07-22 08:00:00,20210722,2021-07,8,4,197,150.6479429216354,46.352057078364595,46.352057078364595,True,709,15801,27.7,0,0,0.0,0,0,False
2021-07-20 10:00:00,20210720,2021-07,10,2,189,143.68647567128008,45.31352432871992,45.31352432871992,True,1282,23473,31.1,0,0,0.0,0,0,False
2021-07-20 09:00:00,20210720,2021-07,9,2,191,145.94042662711186,45.05957337288814,45.05957337288814,True,1828,23473,30.8,0,0,0.0,0,0,False
2021-05-12 10:00:00,20210512,2021-05,10,3,149,104.3081964768506,44.6918035231494,44.6918035231494,False,941,20189,16.3,0,0,0.0,0,0,False
2021-05-26 16:00:00,20210526,2021-05,16,3,137,94.78402888465098,42.21597111534902,42.21597111534902,False,1630,19944,22.0,0,0,0.0,0,0,False
2021-07-29 11:00:00,20210729,2021-07,11,4,207,166.426098797194,40.57390120280601,40.57390120280601,True,1597,25698,30.2,0,0,0.0,0,0,False
2021-05-12 17:00:00,20210512,2021-05,17,3,131,90.43832072983905,40.56167927016095,40.56167927016095,False,3446,20189,17.4,0,0,0.0,1,0,False
2021-07-20 22:00:00,20210720,2021-07,22,2,112,150.95803069413458,-38.95803069413458,38.95803069413458,False,235,23473,25.9,0,0,0.0,0,0,False
2021-05-20 07:00:00,20210520,2021-05,7,4,64,102.8362078624629,-38.8362078624629,38.8362078624629,False,0,15890,17.6,0,0,0.0,1,0,False
2021-05-20 00:00:00,20210520,2021-05,0,4,20,57.85765438249418,-37.85765438249418,37.85765438249418,False,0,15890,17.9,0,0,0.0,0,0,False
2021-05-26 19:00:00,20210526,2021-05,19,3,131,93.50570967775063,37.49429032224937,37.49429032224937,False,2100,19944,20.0,0,0,0.0,0,0,False
2021-05-26 20:00:00,20210526,2021-05,20,3,115,77.56756813484164,37.432431865158364,37.432431865158364,False,8,19944,19.6,0,0,0.0,0,0,False
2021-07-22 10:00:00,20210722,2021-07,10,4,180,142.70928255804063,37.29071744195937,37.29071744195937,True,679,15801,28.7,0,0,0.0,0,0,False
2021-05-26 18:00:00,20210526,2021-05,18,3,133,96.04235506404852,36.95764493595148,36.95764493595148,False,1712,19944,20.8,0,0,0.0,0,0,False
2021-07-20 11:00:00,20210720,2021-07,11,2,190,153.4428367953628,36.55716320463719,36.55716320463719,True,1327,23473,31.7,0,0,0.0,0,0,False
2021-07-20 08:00:00,20210720,2021-07,8,2,188,151.7285924359073,36.2714075640927,36.2714075640927,True,1248,23473,29.7,0,0,0.0,0,0,False
2021-05-12 19:00:00,20210512,2021-05,19,3,125,90.03530932985909,34.96469067014091,34.96469067014091,False,2838,20189,16.3,0,0,0.0,0,0,False
2021-07-20 23:00:00,20210720,2021-07,23,2,109,143.92926102028835,-34.92926102028835,34.92926102028835,False,108,23473,25.3,0,0,0.0,0,0,False
2021-08-16 15:00:00,20210816,2021-08,15,1,133,167.7886780838398,-34.78867808383981,34.78867808383981,False,547,10238,25.0,1,1,1.0,0,0,False
2021-05-12 07:00:00,20210512,2021-05,7,3,126,91.92598199998764,34.07401800001236,34.07401800001236,False,1735,20189,15.3,0,0,0.0,1,0,False
2021-07-22 22:00:00,20210722,2021-07,22,4,115,148.9281800340033,-33.928180034003304,33.928180034003304,False,270,15801,25.3,0,0,0.0,0,0,False
2021-07-27 11:00:00,20210727,2021-07,11,2,207,173.19282420233893,33.807175797661074,33.807175797661074,True,857,20776,30.7,0,0,0.0,0,0,False
2021-07-22 23:00:00,20210722,2021-07,23,4,107,140.75087572480479,-33.750875724804786,33.750875724804786,False,82,15801,25.2,0,0,0.0,0,0,False
2021-05-17 06:00:00,20210517,2021-05,6,1,22,55.60572134409006,-33.60572134409006,33.60572134409006,False,0,13391,13.4,0,1,1.0,0,0,False
2021-07-20 13:00:00,20210720,2021-07,13,2,178,144.56665503851335,33.433344961486654,33.433344961486654,True,1234,23473,30.1,0,0,0.0,0,0,False
2021-07-22 11:00:00,20210722,2021-07,11,4,186,152.5787412594763,33.42125874052371,33.42125874052371,True,691,15801,29.5,0,0,0.0,0,0,False
2021-08-23 18:00:00,20210823,2021-08,18,1,156,122.71135453967388,33.28864546032612,33.28864546032612,False,651,16580,21.9,0,1,1.0,0,0,False
2021-07-19 11:00:00,20210719,2021-07,11,1,199,166.2999913735391,32.700008626460914,32.700008626460914,True,1280,13584,28.4,0,1,1.0,0,0,False
2021-08-27 18:00:00,20210827,2021-08,18,5,143,174.91925790507878,-31.91925790507878,31.91925790507878,False,672,25769,28.1,0,0,0.0,0,0,False
2021-07-29 09:00:00,20210729,2021-07,9,4,198,166.53106230755216,31.468937692447838,31.468937692447838,True,1181,25698,30.1,0,0,0.0,0,0,False
2021-08-30 18:00:00,20210830,2021-08,18,1,168,136.57665341889222,31.42334658110778,31.42334658110778,False,579,10719,25.0,0,1,1.0,0,0,False
2021-08-13 20:00:00,20210813,2021-08,20,5,117,85.70528631090038,31.294713689099623,31.294713689099623,False,0,17668,24.8,0,0,0.0,0,0,False
2021-05-12 23:00:00,20210512,2021-05,23,3,102,70.96589879282887,31.034101207171133,31.034101207171133,False,238,20189,13.6,0,0,0.0,0,0,False
2021-05-12 21:00:00,20210512,2021-05,21,3,110,78.97140971720766,31.028590282792337,31.028590282792337,False,178,20189,14.3,0,0,0.0,0,0,False
2021-05-17 02:00:00,20210517,2021-05,2,1,20,50.95955735204324,-30.95955735204324,30.95955735204324,False,0,13391,13.3,0,1,1.0,0,0,False
2021-05-17 05:00:00,20210517,2021-05,5,1,20,50.85292701239579,-30.85292701239579,30.85292701239579,False,0,13391,13.6,0,1,1.0,0,0,False
2021-08-14 07:00:00,20210814,2021-08,7,6,53,83.61242532128557,-30.61242532128557,30.61242532128557,False,796,1529,22.2,0,0,0.0,1,0,False
2021-07-08 11:00:00,20210708,2021-07,11,4,190,159.5574355263967,30.442564473603312,30.442564473603312,True,562,19519,26.8,0,0,0.0,0,0,False
2021-05-17 01:00:00,20210517,2021-05,1,1,20,50.203028677864104,-30.203028677864104,30.203028677864104,False,0,13391,13.4,0,1,1.0,0,0,False
2021-05-17 04:00:00,20210517,2021-05,4,1,20,50.163590311728875,-30.163590311728875,30.163590311728875,False,0,13391,13.4,0,1,1.0,0,0,False
2021-05-26 07:00:00,20210526,2021-05,7,3,121,91.10788149889557,29.892118501104434,29.892118501104434,False,1505,19944,14.8,0,0,0.0,1,0,False
2021-08-16 19:00:00,20210816,2021-08,19,1,89,118.31244544239246,-29.31244544239246,29.31244544239246,False,31,10238,23.5,1,1,1.0,0,0,False
