axis,condition,n,MAE,RMSE,bias,p90_abs_error,under_rate,peak_rate,actual_mean,pred_mean
fold,2021-05,336,20.226228396848207,35.143092521161876,-7.858416214249925,64.42919900943959,0.4791666666666667,0.01488095238095238,87.32440476190476,95.18282097615469
fold,2021-06,48,1.3871926688372174,1.720899841951576,1.0849887807148784,3.010994579235755,0.7291666666666666,0.0,23.625,22.540011219285123
fold,2021-07,648,7.05791984353181,10.830406035894011,0.626162866818955,16.833406761780232,0.4737654320987654,0.15895061728395063,98.20833333333333,97.58217046651438
fold,2021-08,725,6.5062451678991104,9.065606295087195,-1.849061428047552,14.98922776508701,0.33655172413793105,0.07862068965517241,83.29931034482759,85.14837177287514
fold,2021-09,335,5.446820741762841,7.673029405759859,0.3370382756450143,12.514175284552874,0.6029850746268657,0.07164179104477612,102.52537313432836,102.18833485868336
period,5 to 6월,384,17.871348930846835,32.87898295249306,-6.740490589879324,61.22755494529887,0.5104166666666666,0.013020833333333334,79.36197916666667,86.102469756546
period,CORE(7 to 9월),1708,6.507754539710784,9.535967944728934,-0.48121087546528846,15.065855228067047,0.4408665105386417,0.10772833723653395,92.72658079625293,93.20779167171821
month,5월,336,20.226228396848207,35.143092521161876,-7.858416214249925,64.42919900943959,0.4791666666666667,0.01488095238095238,87.32440476190476,95.18282097615469
month,6월,48,1.3871926688372174,1.720899841951576,1.0849887807148784,3.010994579235755,0.7291666666666666,0.0,23.625,22.540011219285123
month,7월,648,7.05791984353181,10.830406035894011,0.626162866818955,16.833406761780232,0.4737654320987654,0.15895061728395063,98.20833333333333,97.58217046651438
month,8월,725,6.5062451678991104,9.065606295087195,-1.849061428047552,14.98922776508701,0.33655172413793105,0.07862068965517241,83.29931034482759,85.14837177287514
month,9월,335,5.446820741762841,7.673029405759859,0.3370382756450143,12.514175284552874,0.6029850746268657,0.07164179104477612,102.52537313432836,102.18833485868336
dow,금,288,7.1666567207441005,9.473007334321458,-0.9621653018520487,15.867066355754497,0.4375,0.125,121.05555555555556,122.01772085740761
dow,목,288,9.654701741134826,15.185284820586872,-0.4996810823802501,20.87470150860434,0.46875,0.14583333333333334,123.06944444444444,123.56912552682469
dow,수,311,20.10699927508036,34.94677305567783,-5.617405923093191,62.918396586356195,0.4405144694533762,0.1157556270096463,110.43408360128618,116.05148952437938
dow,월,312,8.279475437194863,11.859282049000335,-1.966463300616795,20.61465132301616,0.4807692307692308,0.13141025641025642,99.75641025641026,101.72287355702706
dow,일,324,1.7282988908451635,2.455668004364052,-0.5545037613051185,4.917142419538954,0.4722222222222222,0.0,22.85185185185185,23.406355613156972
dow,토,305,4.998395307759764,7.333280069850122,-1.218602245580687,12.387796869302276,0.4065573770491803,0.0,42.2983606557377,43.516962901318394
dow,화,264,8.380071915889106,11.697309257150984,-0.293038286780609,17.4672744687329,0.4696969696969697,0.12878787878787878,124.12878787878788,124.4218261655685
hour,00시,87,5.447293092914783,7.966652355351669,-1.4747177085317402,10.669181999929586,0.39080459770114945,0.0,51.310344827586206,52.78506253611795
hour,01시,87,5.677694787614039,10.056396623698678,-2.9754687272900138,11.536995779015875,0.3793103448275862,0.0,71.58620689655173,74.56167562384174
hour,02시,87,5.897202009830359,10.274151988251996,-1.7645242837849937,11.328321564924357,0.47126436781609193,0.0,74.44827586206897,76.21280014585395
hour,03시,87,5.641265650958009,10.163299045648715,-3.6984980586038634,10.515784713322674,0.27586206896551724,0.0,71.64367816091954,75.3421762195234
hour,04시,87,6.029742170870699,10.443296648613508,-2.446433103981989,12.934928454037818,0.4482758620689655,0.0,73.45977011494253,75.90620321892452
hour,05시,87,7.149079779176975,11.621908014516634,-5.008026756106988,13.022793490640465,0.3218390804597701,0.0,64.14942528735632,69.15745204346331
hour,06시,87,7.219357813341861,11.642141098668413,-3.662065397463797,13.684255104133022,0.3448275862068966,0.0,73.65517241379311,77.31723781125689
hour,07시,87,8.612810311339462,13.447054230711656,-1.8509568119376645,16.875523965401488,0.45977011494252873,0.0,84.3103448275862,86.16130163952387
hour,08시,87,12.465026103536136,23.42232855708812,0.4136796081014338,23.41194877419378,0.4942528735632184,0.3103448275862069,118.58620689655173,118.1725272884503
hour,09시,87,11.161446667522284,22.1181737325303,0.8769221195763434,21.530586817332328,0.4942528735632184,0.3448275862068966,117.6896551724138,116.81273305283746
hour,10시,87,10.566950179396049,20.41189119605658,-1.9051839057965565,25.384517170751813,0.40229885057471265,0.26436781609195403,113.67816091954023,115.58334482533677
hour,11시,87,12.85011652068527,23.140058448773235,3.056829116638833,31.345542134746367,0.6091954022988506,0.367816091954023,119.83908045977012,116.78225134313129
hour,12시,87,6.928354732712546,13.013103998036266,-0.5628629031251243,14.367125687235017,0.5517241379310345,0.0,75.91954022988506,76.48240313301018
hour,13시,88,10.255709380426422,21.077065949568258,-0.9264805084269011,18.973228206585347,0.4318181818181818,0.2727272727272727,114.75,115.67648050842689
hour,14시,88,10.645018341593,20.82272065201352,0.17920608052538514,21.905448543346257,0.5795454545454546,0.36363636363636365,116.23863636363636,116.05943028311098
hour,15시,88,9.44221849183602,19.032001432687913,-2.5125402426349184,17.38573615451283,0.4659090909090909,0.045454545454545456,107.47727272727273,109.98981296990765
hour,16시,88,10.457259075546132,19.387726849341924,-0.732826771631322,21.55578920101138,0.5227272727272727,0.13636363636363635,110.48863636363636,111.22146313526768
hour,17시,87,8.456234713278063,16.329425787640666,-2.8008977635431553,18.110068942196566,0.41379310344827586,0.0,91.14942528735632,93.95032305089948
hour,18시,87,10.084985420248874,19.33564460357212,-1.3798296143083895,21.655468587389603,0.5057471264367817,0.05747126436781609,104.63218390804597,106.01201352235437
hour,19시,87,9.368015720202507,17.224559064226888,-2.6021130834953707,20.367339682163394,0.4827586206896552,0.0,96.7816091954023,99.3837222788977
hour,20시,87,9.085729349807107,15.961943035265929,-0.6947266967778819,20.018531261620602,0.5172413793103449,0.0,82.97701149425288,83.67173819103074
hour,21시,87,7.8787526857700545,14.888175661582741,-0.5050401858506169,15.396559400185911,0.5172413793103449,0.0,82.17241379310344,82.67745397895406
hour,22시,87,7.488834763394285,14.420801580377898,-3.220489981139028,14.71132579119982,0.41379310344827586,0.0,76.183908045977,79.40439802711603
hour,23시,87,7.3638049734220905,14.400010135148712,-2.955413275195651,16.410960872389758,0.39080459770114945,0.0,72.42528735632185,75.38070063151747
shift,야간,1044,6.9576306157033105,12.334587640422702,-2.5213634155553524,14.667713621265422,0.4109195402298851,0.0,73.19348659003832,75.71485000559368
shift,점심,87,6.928354732712546,13.013103998036266,-0.5628629031251243,14.367125687235017,0.5517241379310345,0.0,75.91954022988506,76.48240313301018
shift,주간,961,10.521654025734607,20.321609047561473,-0.7585682449497396,22.651269339479864,0.4911550468262227,0.19667013527575442,110.1279916753382,110.88655992028794
transition,일반시각,1831,8.678355523966951,16.799784234432884,-1.6147330099233512,18.583666387960335,0.4505734571272529,0.1032222829055161,91.19716002184599,92.81189303176933
transition,전환시각(7·12·17시),261,7.999133252443357,14.338924758635981,-1.7382391595353148,17.01458616925008,0.47509578544061304,0.0,83.79310344827586,85.53134260781118
after_off,일반일,1612,9.080013982644108,17.961016372091926,-1.2804340619094368,18.859933424720502,0.48759305210918114,0.09181141439205956,95.59739454094293,96.87782860285236
after_off,휴무 직후,480,6.960125423435213,10.247241208739883,-2.8045767791882534,17.338791809822222,0.33958333333333335,0.08541666666666667,72.39375,75.19832677918824
holiday,법정공휴일,96,37.028238824841395,55.77718841675434,-36.39829134731847,100.7686682425744,0.10416666666666667,0.010416666666666666,50.395833333333336,86.7941246806518
holiday,비공휴일,1996,7.226017943931077,11.66855891569162,0.04207385147004016,16.51816513096243,0.47044088176352705,0.09418837675350701,92.19138276553106,92.14930891406102
after_prod_end,마지막 생산시간 이후,208,17.694756470037046,36.57527235926916,-14.152324668133922,86.02097891984346,0.3942307692307692,0.0,26.884615384615383,41.0369400527493
after_prod_end,생산종료 이전/해당없음,1884,7.588818151541135,12.45328628065663,-0.24765022868180342,17.33467388626238,0.4601910828025478,0.10031847133757962,97.27176220806794,97.51941243674973
production_band,생산 0,864,7.468802180414887,19.662219473640405,-5.245253724940613,14.673828793795003,0.3912037037037037,0.0,29.11111111111111,34.35636483605172
production_band,저생산(1~300),486,7.018857732219653,9.43825073111727,-0.3679867922188172,14.014861521831733,0.4773662551440329,0.0102880658436214,106.17078189300412,106.53876868522293
production_band,중생산(301~900),302,9.955798590110922,15.827280477972915,0.8749514285548314,20.809680728946777,0.48344370860927155,0.18874172185430463,137.99668874172184,137.12173731316702
production_band,고생산(900+),440,11.606776425728391,16.33882139384356,2.3551111503070503,24.793905387764653,0.5295454545454545,0.28863636363636364,160.0590909090909,157.70397975878384
temperature_band,22℃ 이하,567,11.451644551761097,22.336905979752437,-2.2920573999243,27.009076674719402,0.5291005291005291,0.019400352733686066,90.0352733686067,92.327330768531
temperature_band,22~26℃,988,7.9836955612944225,15.113523868242089,-2.8799166598523223,15.556958585755758,0.3917004048582996,0.0728744939271255,91.05263157894737,93.93254823879968
temperature_band,26℃ 초과,537,6.698080200863635,10.732565915294465,1.3681520370256963,18.397023943475265,0.48789571694599626,0.1973929236499069,89.09124767225326,87.72309563522757
previous_off_run,직전휴무 없음,1612,9.080013982644108,17.961016372091926,-1.2804340619094368,18.859933424720502,0.48759305210918114,0.09181141439205956,95.59739454094293,96.87782860285236
previous_off_run,1일 휴무 후,288,8.617897464557338,12.105204906448282,-2.863986373013815,21.38426783713471,0.4166666666666667,0.11805555555555555,99.10763888888889,101.9716252619027
previous_off_run,2~3일 휴무 후,48,3.7462899452271206,6.0645154540855435,-2.799514079815894,12.181466161697376,0.375,0.0,21.541666666666668,24.341180746482564
previous_off_run,4일+ 휴무 후,144,4.715859833926992,6.684939821357864,-2.687445157994584,13.186201856657513,0.1736111111111111,0.04861111111111111,35.916666666666664,38.60411182466125
special,전체,2092,8.59361507804551,16.5128000795066,-1.6301417599466412,18.406168732122914,0.45363288718929257,0.09034416826003824,90.27342256214149,91.90356432208813
special,피크 구간(학습구간 상위5% 기준),189,12.675176482542527,16.775423568469986,12.135689939537524,25.843179972940785,0.8994708994708994,1.0,183.5873015873016,171.45161164776403
special,생산0 & 실제전력>100,28,7.906937015208712,10.884103243937684,6.403553750788114,19.551523893470787,0.75,0.0,111.67857142857143,105.27501767778331
special,휴무 직후,480,6.960125423435213,10.247241208739883,-2.8045767791882534,17.338791809822222,0.33958333333333335,0.08541666666666667,72.39375,75.19832677918824
special,전환시각(7·12·17시),261,7.999133252443357,14.338924758635981,-1.7382391595353148,17.01458616925008,0.47509578544061304,0.0,83.79310344827586,85.53134260781118
special,고온 가동(기온>22℃ & 생산>0),846,9.178972476326914,12.619350166513838,0.12928245451503587,19.357707874218093,0.46808510638297873,0.21040189125295508,140.29787234042553,140.1685898859105
special,고생산(900+),440,11.606776425728391,16.33882139384356,2.3551111503070503,24.793905387764653,0.5295454545454545,0.28863636363636364,160.0590909090909,157.70397975878384
special,주말,629,3.3139577257560586,5.402084460552289,-0.8765228991493925,9.348602966710656,0.44038155802861684,0.0,32.28139904610493,33.15792194525432
special,법정공휴일,96,37.028238824841395,55.77718841675434,-36.39829134731847,100.7686682425744,0.10416666666666667,0.010416666666666666,50.395833333333336,86.7941246806518
special,마지막 생산시간 이후,208,17.694756470037046,36.57527235926916,-14.152324668133922,86.02097891984346,0.3942307692307692,0.0,26.884615384615383,41.0369400527493
special,공휴일 & 생산종료 이후,31,91.46735636761088,93.18191739179206,-91.46735636761088,115.05125356432416,0.0,0.0,21.70967741935484,113.17703378696571
