날짜,fold,dow,is_holiday,day_prod,after_prod_end_hours,n,MAE,RMSE,bias,p90_abs_error,under_rate,peak_rate,actual_mean,pred_mean
20210505,2021-05,3,1,2190.0,16,24,71.23742150317591,84.47665727395105,-70.30040263877736,117.52469048906352,0.08333333333333333,0.0,45.791666666666664,116.09206930544401
20210519,2021-05,3,1,2990.0,15,24,59.36328218408971,69.94986778386048,-59.36328218408971,95.8735167282885,0.0,0.0,42.083333333333336,101.44661551742304
20210512,2021-05,3,0,20189.0,0,24,33.32308142792024,40.29881006322449,32.61984890832259,61.6279840282874,0.9166666666666666,0.041666666666666664,126.08333333333333,93.46348442501073
20210526,2021-05,3,0,19944.0,1,24,29.92714860574362,36.59278032846873,29.769963545323762,59.15398251527356,0.9166666666666666,0.0,119.58333333333333,89.81336978800958
20210520,2021-05,4,0,15890.0,1,24,26.063528683227172,36.19748419787699,-24.511126949770127,67.11752326772233,0.25,0.041666666666666664,97.125,121.63612694977013
20210720,2021-07,2,0,23473.0,0,24,21.778190563453155,25.82128666564166,1.8986673567105619,43.22911056926207,0.5,0.3333333333333333,140.45833333333334,138.55966597662277
20210816,2021-08,1,1,10238.0,0,24,16.488409643227826,20.33476447889204,-14.946840497648031,28.878172359069126,0.20833333333333334,0.041666666666666664,91.54166666666667,106.4885071643147
20210722,2021-07,4,0,15801.0,0,24,16.27158210119492,22.331294593695684,1.6051514640846847,36.28195621957255,0.3333333333333333,0.20833333333333334,135.375,133.76984853591532
20210517,2021-05,1,0,13391.0,0,24,16.002536395956565,19.252197439879836,-8.351070480904651,30.657957512036283,0.4166666666666667,0.041666666666666664,100.04166666666667,108.39273714757132
20210531,2021-05,1,0,17276.0,0,24,12.685828063619688,15.378523392218902,-5.031565130951001,24.473172968087614,0.5,0.0,100.875,105.906565130951
20210727,2021-07,2,0,20776.0,0,24,12.282057296675504,14.751035741241944,5.934379975989006,22.46036176307072,0.5833333333333334,0.3333333333333333,145.16666666666666,139.23228669067768
20210729,2021-07,4,0,25698.0,0,24,11.812544477959724,16.266722948509468,10.155259638767651,27.059052934602445,0.7916666666666666,0.2916666666666667,142.83333333333334,132.67807369456568
20210721,2021-07,3,0,19461.0,0,24,10.96999948294363,13.752160722547767,5.64632147735463,21.228873253552322,0.4583333333333333,0.2916666666666667,140.875,135.22867852264537
20210814,2021-08,6,0,1529.0,16,24,10.308944827197717,12.30597600046551,-3.987690892413603,20.787613222922815,0.20833333333333334,0.0,42.958333333333336,46.94602422574693
20210821,2021-08,6,0,3794.0,16,24,10.230934397070774,10.96561116659002,-7.081099050757881,12.458993311067644,0.20833333333333334,0.0,45.041666666666664,52.12276571742455
20210828,2021-08,6,0,1799.0,9,17,9.848345583255922,11.604565271054001,9.025148928619593,15.865773867178227,0.8235294117647058,0.0,63.94117647058823,54.91602754196864
20210827,2021-08,5,0,25769.0,0,24,9.766862938809155,12.582785621808299,-8.336510148675393,18.862939563647746,0.20833333333333334,0.041666666666666664,128.95833333333334,137.29484348200873
20210723,2021-07,5,0,23560.0,0,24,9.635791167165783,11.637145582639354,1.7436094477534272,18.0789044099686,0.4583333333333333,0.375,136.04166666666666,134.29805721891321
20210813,2021-08,5,0,17668.0,0,24,9.274966809933582,11.598182171786867,7.900910336058097,18.76398508787497,0.7916666666666666,0.2916666666666667,139.41666666666666,131.51575633060858
20210708,2021-07,4,0,19519.0,2,24,9.114635037000445,11.145435132526549,2.2199912161363673,15.014528973231243,0.375,0.25,136.33333333333334,134.11334211719696
20210514,2021-05,5,0,17374.0,2,24,9.064896331678218,11.882353865184095,-7.357610130498872,22.05487850726956,0.25,0.0,117.16666666666667,124.52427679716554
20210817,2021-08,2,0,29279.0,0,24,9.024565218451345,11.198194173258207,-8.23949435282755,17.887699714644253,0.16666666666666666,0.0,124.58333333333333,132.82282768616088
20210701,2021-07,4,0,18353.0,0,24,8.982685644165128,10.73439037391491,4.2521328298351415,17.064799100286894,0.625,0.25,138.91666666666666,134.66453383683154
20210908,2021-09,3,0,20831.0,0,23,8.905168530183673,12.03972678636794,-4.005052060216882,24.039607923841,0.5217391304347826,0.0,132.69565217391303,136.70070423412992
20210513,2021-05,4,0,17668.0,0,24,8.579784083183275,10.50263653748593,1.283788105531478,16.682709729542175,0.625,0.0,122.125,120.84121189446853
20210714,2021-07,3,0,17253.0,0,24,8.425738959976806,10.251638808674645,-3.9914874998614622,13.666833828082446,0.2916666666666667,0.20833333333333334,131.25,135.24148749986148
20210830,2021-08,1,0,10719.0,0,24,8.109211914962279,10.961815216027397,2.6285685624845807,18.285737015178672,0.3333333333333333,0.0,107.95833333333333,105.32976477084874
20210705,2021-07,1,0,15715.0,0,24,7.83920404820642,10.080315987840839,-6.911473428918236,17.37068454284858,0.20833333333333334,0.08333333333333333,105.75,112.66147342891823
20210820,2021-08,5,0,25213.0,0,24,7.624031978676649,9.880736786760089,-4.455251889633163,16.134298601995997,0.375,0.08333333333333333,130.45833333333334,134.9135852229665
20210707,2021-07,3,0,19407.0,0,24,7.466092907898634,9.548174293352547,0.6031891879930823,12.607412791157671,0.4583333333333333,0.2916666666666667,134.875,134.27181081200692
20210810,2021-08,2,0,17425.0,1,24,7.4148255383548145,9.173691239117732,-1.2375053715137414,15.852374709634814,0.4583333333333333,0.16666666666666666,132.875,134.11250537151375
20210823,2021-08,1,0,16580.0,0,24,7.39235710111704,11.101100914630026,5.577204403329117,15.665150166855089,0.6666666666666666,0.20833333333333334,108.66666666666667,103.08946226333755
20210809,2021-08,1,0,20689.0,0,24,7.241894367207519,9.01855931128208,4.124325684409624,14.925302736985175,0.625,0.2916666666666667,107.66666666666667,103.54234098225704
20210902,2021-09,4,0,19351.0,0,24,7.179880922240677,8.390472402458375,6.183801784489515,13.701131487103803,0.875,0.16666666666666666,139.79166666666666,133.60786488217715
20210726,2021-07,1,0,24022.0,0,24,7.088054216820274,9.775031211746034,-0.23684271722616104,16.285013281164368,0.5833333333333334,0.25,111.66666666666667,111.90350938389281
20210811,2021-08,3,0,19587.0,0,24,7.006269813861703,8.999769986250568,3.7028753179137155,13.208557222283769,0.6666666666666666,0.3333333333333333,139.0,135.2971246820863
20210818,2021-08,3,0,20063.0,0,24,6.986179955868255,8.229858642676641,-4.492145058356656,12.375099025222076,0.25,0.041666666666666664,129.58333333333334,134.07547839168998
20210909,2021-09,4,0,17162.0,0,24,6.940645340767149,9.421764965907466,-3.5806751215297723,15.397856655967466,0.4166666666666667,0.0,133.91666666666666,137.49734178819645
20210706,2021-07,2,0,16581.0,0,24,6.756207100508803,8.138454606522403,0.071072044379763,12.632667486116047,0.4583333333333333,0.16666666666666666,133.08333333333334,133.01226128895357
20210709,2021-07,5,0,16527.0,1,24,6.689430372612288,8.301850254343332,2.027323989552556,13.095283839776108,0.5416666666666666,0.125,131.5,129.47267601044743
20210702,2021-07,5,0,19849.0,0,24,6.631189381251303,8.317494899842888,0.25332966967008613,13.885925940654662,0.4166666666666667,0.125,131.70833333333334,131.45500366366323
20210716,2021-07,5,0,24412.0,0,24,6.588193422926253,8.87113833238899,-0.6430036676247225,15.91932511101092,0.4583333333333333,0.16666666666666666,132.20833333333334,132.85133700095807
20210913,2021-09,1,0,14174.0,0,24,6.560826979945929,8.6204126904602,2.105176115752253,13.169008892258757,0.5833333333333334,0.25,111.0,108.89482388424774
20210824,2021-08,2,0,16955.0,0,24,6.427434043335832,7.430388324841533,1.3870571343256863,10.338584821408633,0.6666666666666666,0.20833333333333334,136.33333333333334,134.94627619900766
20210904,2021-09,6,0,3431.0,16,24,6.165016585101264,7.5841899221280995,3.83981389151591,11.260786962417265,0.6666666666666666,0.0,51.208333333333336,47.36851944181742
20210831,2021-08,2,0,16443.0,0,24,6.115275403769259,8.405996769403869,-0.09254811675177994,13.621324967198808,0.4166666666666667,0.041666666666666664,134.75,134.84254811675177
20210907,2021-09,2,0,16424.0,0,24,6.110500862833317,7.687127301563703,1.4113717873361953,11.484543295758371,0.7083333333333334,0.08333333333333333,136.70833333333334,135.29696154599716
20210825,2021-08,3,0,22076.0,0,24,6.105755139171734,7.454028715617677,-1.2078376930207995,13.091392904417017,0.4166666666666667,0.08333333333333333,134.08333333333334,135.29117102635414
20210906,2021-09,1,0,16628.0,0,24,6.0988900496265925,9.028288786794887,-4.418898854601054,17.791614022926147,0.4583333333333333,0.0,103.83333333333333,108.2522321879344
20210901,2021-09,3,0,19638.0,0,24,5.914336402818958,7.009982189636813,3.3502038202792317,9.564606873808154,0.7083333333333334,0.20833333333333334,139.29166666666666,135.94146284638745
20210801,2021-08,7,0,0.0,0,24,5.89249487059119,5.979607006043274,-5.89249487059119,7.249919831972644,0.0,0.0,21.583333333333332,27.47582820392452
20210812,2021-08,4,0,22339.0,0,24,5.892145784884998,8.017698066875997,3.7675770165876177,13.279651954533106,0.6666666666666666,0.20833333333333334,137.45833333333334,133.69075631674573
20210511,2021-05,2,0,22088.0,0,24,5.854981522204994,7.15555579845782,2.0825704681834245,11.155902362641063,0.6666666666666666,0.08333333333333333,127.25,125.16742953181658
20210914,2021-09,2,0,19318.0,0,24,5.793185246967749,7.719831570890351,-2.0529709076398426,11.746498443218726,0.4166666666666667,0.0,132.58333333333334,134.63630424097317
20210521,2021-05,5,0,24516.0,0,24,5.636958402557414,6.7579329136630015,-1.8047690556436127,10.913001273727795,0.3333333333333333,0.0,116.79166666666667,118.59643572231028
20210806,2021-08,5,0,0.0,0,24,5.528861108062659,8.151595673326671,-5.5197300275829635,16.6083367369042,0.041666666666666664,0.0,21.875,27.394730027582963
20210819,2021-08,4,0,25976.0,0,24,5.480362854999437,6.469190395499896,-2.06217077102751,10.893141948384704,0.2916666666666667,0.041666666666666664,132.95833333333334,135.02050410436084
20210804,2021-08,3,0,0.0,0,24,5.293772714687752,7.461150622250609,-5.291290712122458,13.598472765423447,0.041666666666666664,0.0,21.375,26.666290712122457
20210911,2021-09,6,0,2173.0,16,24,5.293522137480131,7.665886909811131,-4.657467599970309,15.612972457930741,0.125,0.0,42.833333333333336,47.49080093330364
20210826,2021-08,4,0,20064.0,0,24,5.0772928402392,6.2288232732014785,-1.0358598967565058,9.160874497908017,0.2916666666666667,0.2916666666666667,138.45833333333334,139.49419323008985
20210903,2021-09,5,0,12845.0,0,24,5.015999475197363,6.797408130160981,2.8046988719002077,11.551786941137628,0.6666666666666666,0.08333333333333333,132.375,129.5703011280998
20210808,2021-08,7,0,0.0,0,24,4.8008642996143385,4.8540185488790195,-4.8008642996143385,5.536051524759463,0.0,0.0,21.375,26.175864299614336
20210712,2021-07,1,0,17043.0,0,24,4.654803007551311,6.190938984727557,-1.1525985123173006,11.286178356385701,0.4166666666666667,0.25,111.95833333333333,113.11093184565063
20210803,2021-08,2,0,0.0,0,24,4.623568278225399,7.015256095441586,-4.386021172778423,13.882753229019709,0.125,0.0,21.625,26.011021172778424
20210719,2021-07,1,0,13584.0,0,24,4.602153283062941,8.204774021302052,2.262998935425894,9.35234925288854,0.625,0.2916666666666667,114.41666666666667,112.15366773124077
20210717,2021-07,6,0,1867.0,16,24,4.575437059571018,7.5867451922065605,-3.814057762468474,13.066415235825524,0.4166666666666667,0.0,44.0,47.81405776246847
20210910,2021-09,5,0,18789.0,0,24,4.542699260058524,5.886100636155035,1.8410189824997687,9.661015503561426,0.7083333333333334,0.20833333333333334,134.16666666666666,132.3256476841669
20210805,2021-08,4,0,0.0,0,24,4.461333123755799,6.301474553175234,-4.2740423049115455,12.90186973939911,0.08333333333333333,0.0,21.541666666666668,25.815708971578214
20210724,2021-07,6,0,2319.0,16,24,4.339832953263112,6.0232888962191735,-2.1673972054596704,9.729671307855865,0.625,0.0,45.0,47.16739720545966
20210710,2021-07,6,0,487.0,16,24,3.7827598758113417,5.099122574491253,0.8130329564609857,8.322356923146696,0.5416666666666666,0.0,46.208333333333336,45.39530037687235
20210731,2021-07,6,0,0.0,0,24,3.4655760518733465,5.752273320063311,-3.3239987208527535,11.542560016454695,0.20833333333333334,0.0,21.541666666666668,24.865665387519424
20210703,2021-07,6,0,1735.0,16,24,2.9368964018003023,3.839496608036405,-1.7872130413716911,6.1737113486626605,0.20833333333333334,0.0,45.416666666666664,47.20387970803836
20210802,2021-08,1,0,0.0,0,24,2.869011612228841,4.933850149837798,-1.213006986853366,11.135795248947788,0.625,0.0,21.458333333333332,22.671340320186697
20210529,2021-05,6,0,3071.0,16,24,2.487641712397013,4.787188160333947,0.3400068936352009,4.91716329307752,0.4166666666666667,0.0,43.916666666666664,43.57665977303146
20210829,2021-08,7,0,0.0,0,12,2.3179927839506287,2.570724984683523,-1.6976706645442297,3.1944197583687766,0.16666666666666666,0.0,21.583333333333332,23.281003997877562
20210515,2021-05,6,0,742.0,16,24,1.9903668561741423,2.8397406672662604,0.30992245780133115,4.9673649470715375,0.7083333333333334,0.0,42.458333333333336,42.148410875532
20210627,2021-06,7,0,0.0,0,24,1.7709433976888234,2.102543681106975,1.7256192813159261,3.7269575766658676,0.9166666666666666,0.0,24.291666666666668,22.566047385350743
20210725,2021-07,7,0,0.0,0,24,1.1676984348659702,1.4576765007508532,1.152383707012669,2.6721517247413247,0.9583333333333334,0.0,24.541666666666668,23.389282959653997
20210912,2021-09,7,0,0.0,0,24,1.0335108165327984,1.2514920090065103,1.0290319927930052,2.2676308845561683,0.9583333333333334,0.0,23.333333333333332,22.30430134054033
20210815,2021-08,7,1,0.0,0,24,1.0238419688721319,1.259649610129165,-0.9826400687588025,2.153460094200431,0.125,0.0,22.166666666666668,23.14930673542547
20210620,2021-06,7,0,0.0,0,24,1.0034419399856114,1.2256845438754003,0.44435828011383044,1.8074291852241307,0.5416666666666666,0.0,22.958333333333332,22.513975053219507
20210711,2021-07,7,0,0.0,0,24,0.9941402105423728,1.2116133343660722,0.18082308184290788,1.7908568317366202,0.4166666666666667,0.0,23.541666666666668,23.36084358482376
20210822,2021-08,7,0,0.0,0,24,0.9780129960929238,1.119798799432682,-0.591447448803486,1.6361765585509263,0.2916666666666667,0.0,22.833333333333332,23.42478078213682
20210807,2021-08,6,0,0.0,0,24,0.9684333902338894,1.186908671068901,-0.36306928814582246,2.006439201699819,0.25,0.0,21.666666666666668,22.02973595481249
20210523,2021-05,7,0,0.0,0,24,0.9497417839469843,1.2039285787739604,0.2958991923385879,2.2317406010824006,0.625,0.0,21.25,20.954100807661412
20210704,2021-07,7,0,0.0,0,24,0.9223298165321746,1.0704452410023353,-0.04449561382889137,1.507260770695177,0.4166666666666667,0.0,23.333333333333332,23.377828947162225
20210905,2021-09,7,0,0.0,0,24,0.84540559944318,1.1684406858362373,0.687562725761059,1.8646456289043776,0.625,0.0,22.875,22.187437274238942
20210718,2021-07,7,0,0.0,0,24,0.7906124997258911,0.950969559046102,0.1592985950717387,1.5560805241419515,0.4166666666666667,0.0,23.625,23.465701404928257
