dt,날짜,hour,pred,pred_hi,pred_max15,pred_hi_max15,alarm,actual,actual_max15
2021-09-14 00:00:00,20210914,0,72.31129265349468,73.32724916134754,75.9731906988056,77.04059600550727,False,70,72
2021-09-14 01:00:00,20210914,1,109.79353876835276,112.87948981935072,117.44193938291278,120.74286291935684,False,110,116
2021-09-14 02:00:00,20210914,2,107.44738766264938,119.1925797376592,112.7459634828155,125.07034870607798,False,112,115
2021-09-14 03:00:00,20210914,3,109.42426925999656,113.38142109830844,116.7961774813761,121.01992246549904,False,105,114
2021-09-14 04:00:00,20210914,4,109.1183383223653,113.10479771253873,113.86596721220862,118.02587343139315,False,111,115
2021-09-14 05:00:00,20210914,5,100.86576402620352,105.9393787613894,116.38377093076866,122.2379516910259,False,93,115
2021-09-14 06:00:00,20210914,6,112.12962085754475,124.75406225159455,118.33528133906108,131.65840517278312,False,108,112
2021-09-14 07:00:00,20210914,7,131.11699164080036,143.91947499511016,169.6820787642523,186.2501220187472,False,140,156
2021-09-14 08:00:00,20210914,8,172.79183445099926,178.66205084829608,184.55685640447325,190.82676312860335,True,174,184
2021-09-14 09:00:00,20210914,9,173.15653752847288,176.3409780885753,179.82775168934617,183.1348794159988,False,166,178
2021-09-14 10:00:00,20210914,10,177.52820450089848,181.99004446184045,190.71052513564777,195.50367811330972,True,152,161
2021-09-14 11:00:00,20210914,11,171.56735557707307,177.01684658267254,180.22742691767957,185.95198762240537,True,170,180
2021-09-14 12:00:00,20210914,12,112.31793267803721,128.2157271818334,129.4278041799491,147.74737777670168,False,118,135
2021-09-14 13:00:00,20210914,13,178.47692508951303,180.8096984577006,187.55424197081962,190.00565993726374,True,163,173
2021-09-14 14:00:00,20210914,14,178.02463282947446,182.56384752787673,185.56889799269575,190.30047393219854,True,158,162
2021-09-14 15:00:00,20210914,15,167.57545134322265,172.47410716317594,182.91820604102824,188.2653695271825,False,161,175
2021-09-14 16:00:00,20210914,16,172.2525054974513,175.94118097384606,179.84308333972004,183.69430610828672,False,160,165
2021-09-14 17:00:00,20210914,17,127.513326608706,144.43557039833019,149.95245096233236,169.8525821840913,False,123,146
2021-09-14 18:00:00,20210914,18,156.40008150923074,170.22161183002265,164.61639906571466,179.1640292781201,False,158,164
2021-09-14 19:00:00,20210914,19,150.69653096675623,164.46336986239228,162.39126478350616,177.22647277396936,False,153,171
2021-09-14 20:00:00,20210914,20,128.86530310906906,145.94907009767843,134.91614642749897,152.80207811709965,False,128,130
2021-09-14 21:00:00,20210914,21,125.72884155206616,137.3364387477083,131.60619600459168,143.7564050800441,False,128,134
2021-09-14 22:00:00,20210914,22,117.95585351624013,124.99832384034595,126.032592065557,133.5572783192122,False,111,120
2021-09-14 23:00:00,20210914,23,108.75299918866666,117.14618843088215,120.23020247792238,129.5091635139896,False,110,119
