피처,정보군,전체 평균|SHAP|,피크 구간 평균|SHAP|,피크/전체 배율
lag168,과거 전력,8.986,13.512,1.5
lag_week_mean4,과거 전력,6.879,12.221,1.78
prod,생산계획·휴무,10.094,10.318,1.02
lag336,과거 전력,5.441,8.145,1.5
prod_prev,생산계획·휴무,7.209,7.911,1.1
prod_next,생산계획·휴무,6.804,7.274,1.07
day_prod,생산계획·휴무,5.523,5.066,0.92
shift,달력,2.492,3.617,1.45
prod_cap,생산계획·휴무,2.786,2.984,1.07
last_week_day_max,과거 전력,1.375,2.12,1.54
thi,기상,0.906,1.554,1.72
is_off,생산계획·휴무,3.958,1.536,0.39
prod_diff,생산계획·휴무,1.025,1.505,1.47
hour,달력,1.072,1.491,1.39
days_since_off,생산계획·휴무,2.092,1.464,0.7
day_prod_hours,생산계획·휴무,2.128,1.319,0.62
last_week_day_mean,과거 전력,0.734,0.786,1.07
month,달력,0.954,0.673,0.71
humid,기상,0.413,0.672,1.63
cool,기상,0.328,0.598,1.82
day_prod_zero,생산계획·휴무,1.312,0.521,0.4
dow,달력,0.297,0.517,1.74
after_off,생산계획·휴무,0.419,0.263,0.63
wind,기상,0.182,0.232,1.27
prod_log,생산계획·휴무,0.229,0.213,0.93
off_run_prev,생산계획·휴무,0.629,0.196,0.31
temp,기상,0.275,0.172,0.63
prod_zero,생산계획·휴무,0.238,0.169,0.71
is_transition,달력,0.188,0.15,0.8
rain,기상,0.136,0.134,0.99
is_holiday,달력,0.154,0.133,0.86
is_weekend,달력,0.003,0.001,0.33
