순위,피처,정보군,gain 중요도(%),폴드간 편차(%)
1,prod_next,생산계획·휴무,10.76,4.5
2,prod,생산계획·휴무,10.17,5.5
3,lag168,과거 전력,9.42,3.75
4,lag336,과거 전력,7.56,1.24
5,lag_week_mean4,과거 전력,6.9,1.5
6,day_prod,생산계획·휴무,6.88,2.47
7,prod_prev,생산계획·휴무,6.09,3.07
8,is_off,생산계획·휴무,4.05,4.74
9,last_week_day_mean,과거 전력,3.56,0.68
10,hour,달력,3.07,0.76
11,last_week_day_max,과거 전력,3.01,0.27
12,humid,기상,2.9,0.68
13,thi,기상,2.71,0.22
14,wind,기상,2.65,0.43
15,prod_diff,생산계획·휴무,2.56,0.25
16,temp,기상,2.51,0.79
17,month,달력,2.48,0.45
18,day_prod_hours,생산계획·휴무,2.18,0.69
19,prod_cap,생산계획·휴무,2.08,1.26
20,days_since_off,생산계획·휴무,1.92,0.69
21,cool,기상,1.14,1.0
22,shift,달력,1.0,0.27
23,rain,기상,0.95,0.3
24,dow,달력,0.86,0.22
25,day_prod_zero,생산계획·휴무,0.77,0.87
26,is_holiday,달력,0.49,0.29
27,prod_log,생산계획·휴무,0.36,0.29
28,after_off,생산계획·휴무,0.31,0.15
29,is_transition,달력,0.3,0.07
30,off_run_prev,생산계획·휴무,0.2,0.09
31,prod_zero,생산계획·휴무,0.13,0.22
32,is_weekend,달력,0.03,0.03
