day_key,임계,예측상한최대,위험시각,경보,실제최대,실제피크시각,실제초과
20210701,172.0,179.2,8,True,190,13,True
20210702,172.0,179.6,13,True,179,11,True
20210703,172.0,120.5,4,False,106,2,False
20210704,172.0,28.1,1,False,26,11,False
20210705,172.0,191.1,8,True,173,10,True
20210706,172.0,183.3,8,True,180,8,True
20210707,172.0,178.7,8,True,181,8,True
20210708,172.0,181.2,13,True,190,11,True
20210709,172.0,180.3,13,True,181,14,True
20210710,172.0,110.3,3,False,101,6,False
20210711,172.0,27.9,12,False,26,1,False
20210712,172.0,188.2,9,True,191,9,True
20210714,172.0,181.5,8,True,185,9,True
20210716,172.0,178.2,11,True,188,11,True
20210717,172.0,113.3,4,False,101,1,False
20210718,172.0,28.2,0,False,25,1,False
20210719,172.0,189.6,8,True,199,11,True
20210720,172.0,175.2,8,True,191,9,True
20210721,172.0,180.8,8,True,204,9,True
20210722,172.0,179.0,14,True,197,8,True
20210723,172.0,181.7,8,True,191,8,True
20210724,172.0,110.6,6,False,97,4,False
20210725,172.0,28.2,0,False,26,5,False
20210726,172.0,190.0,8,True,198,8,True
20210727,172.0,180.6,8,True,207,11,True
20210729,172.0,177.8,8,True,207,11,True
20210731,172.0,48.6,4,False,23,0,False
20210801,177.0,60.7,11,False,23,1,False
20210802,177.0,136.0,10,False,23,3,False
20210803,177.0,137.0,11,False,23,1,False
20210804,177.0,139.1,9,False,23,6,False
20210805,177.0,139.0,11,False,23,15,False
20210806,177.0,142.2,9,False,24,10,False
20210807,177.0,59.6,11,False,24,16,False
20210808,177.0,60.3,11,False,23,3,False
20210809,177.0,191.5,14,True,193,8,True
20210810,177.0,190.5,10,True,185,9,True
20210811,177.0,198.6,11,True,203,8,True
20210812,177.0,199.2,11,True,188,11,True
20210813,177.0,188.8,9,True,196,8,True
20210814,177.0,104.2,7,False,107,2,False
20210815,177.0,25.1,3,False,23,1,False
20210816,177.0,174.1,11,False,183,9,True
20210817,177.0,182.3,11,True,169,11,False
20210818,177.0,185.2,8,True,179,14,True
20210819,177.0,187.8,11,True,177,11,True
20210820,177.0,185.3,14,True,187,11,True
20210821,177.0,108.7,3,False,104,2,False
20210822,177.0,26.8,12,False,25,16,False
20210823,177.0,183.7,11,True,184,11,True
20210824,177.0,186.3,13,True,187,8,True
20210825,177.0,189.7,11,True,177,10,True
20210826,177.0,195.4,11,True,195,9,True
20210827,177.0,198.5,11,True,181,8,True
20210828,177.0,104.3,2,False,111,2,False
20210829,177.0,26.1,12,False,26,17,False
20210830,177.0,183.1,11,True,172,13,False
20210831,177.0,187.4,8,True,182,14,True
20210901,177.0,187.2,13,True,185,10,True
20210902,177.0,188.3,9,True,192,14,True
20210903,177.0,181.6,11,True,187,11,True
20210904,177.0,116.1,1,False,111,6,False
20210905,177.0,25.7,10,False,25,8,False
20210906,177.0,181.1,13,True,176,11,False
20210907,177.0,184.9,14,True,182,14,True
20210908,177.0,185.7,10,True,171,8,False
20210909,177.0,191.8,14,True,174,11,False
20210910,177.0,185.4,11,True,184,9,True
20210911,177.0,110.0,6,False,97,1,False
20210912,177.0,26.0,11,False,25,8,False
20210913,177.0,178.4,8,True,185,8,True
20210914,177.0,178.3,14,True,174,8,False
