구간,학습행,대상,방법,생산,최고기온,평균기온,n일,기온우세
전체 1 to 9월,train_ok,가동일,pearson,0.652,0.083,0.097,206,
전체 1 to 9월,train_ok,가동일,spearman,0.422,0.225,0.253,206,
전체 1 to 9월,train_ok,가동일＆고유일,pearson,0.717,0.157,0.176,73,
전체 1 to 9월,train_ok,가동일＆고유일,spearman,0.491,0.447,0.493,73,★
전체 1 to 9월,strict,가동일,pearson,0.732,0.05,0.06,193,
전체 1 to 9월,strict,가동일,spearman,0.46,0.225,0.252,193,
전체 1 to 9월,strict,가동일＆고유일,pearson,0.792,0.119,0.141,69,
전체 1 to 9월,strict,가동일＆고유일,spearman,0.529,0.476,0.529,69,
CORE 7 to 9월,train_ok,가동일,pearson,0.827,0.215,0.233,56,
CORE 7 to 9월,train_ok,가동일,spearman,0.469,0.477,0.48,56,★
CORE 7 to 9월,train_ok,가동일＆고유일,pearson,0.844,0.162,0.182,54,
CORE 7 to 9월,train_ok,가동일＆고유일,spearman,0.494,0.424,0.426,54,
CORE 7 to 9월,strict,가동일,pearson,0.827,0.215,0.233,56,
CORE 7 to 9월,strict,가동일,spearman,0.469,0.477,0.48,56,★
CORE 7 to 9월,strict,가동일＆고유일,pearson,0.844,0.162,0.182,54,
CORE 7 to 9월,strict,가동일＆고유일,spearman,0.494,0.424,0.426,54,
