날짜,n,alarm,real_peak,actual_max15,predicted_max15,real_threshold,alarm_threshold,model,alarm_q,real_peak_q,fold
20210505,24,False,False,120,140.81051348259123,181.0,181.0,L1,0.95,0.95,2021-05
20210511,24,False,True,185,172.91374441686708,181.0,181.0,L1,0.95,0.95,2021-05
20210512,24,False,True,184,113.43796720150452,181.0,181.0,L1,0.95,0.95,2021-05
20210513,24,True,False,176,182.7502170513258,181.0,181.0,L1,0.95,0.95,2021-05
20210514,24,False,False,157,178.0531565174288,181.0,181.0,L1,0.95,0.95,2021-05
20210515,24,False,False,105,106.87035606225811,181.0,181.0,L1,0.95,0.95,2021-05
20210517,24,False,True,192,175.56117963400854,181.0,181.0,L1,0.95,0.95,2021-05
20210519,24,False,False,108,124.80768036959783,181.0,181.0,L1,0.95,0.95,2021-05
20210520,24,False,True,181,178.1931684603319,181.0,181.0,L1,0.95,0.95,2021-05
20210521,24,False,False,160,165.51834370416168,181.0,181.0,L1,0.95,0.95,2021-05
20210523,24,False,False,25,25.146878572898885,181.0,181.0,L1,0.95,0.95,2021-05
20210526,24,False,False,166,131.82276640442993,181.0,181.0,L1,0.95,0.95,2021-05
20210529,24,False,False,107,111.53208652491047,181.0,181.0,L1,0.95,0.95,2021-05
20210531,24,False,False,172,176.18421761949637,181.0,181.0,L1,0.95,0.95,2021-05
20210620,24,False,False,28,25.61644401455568,181.0,181.0,L1,0.95,0.95,2021-06
20210627,24,False,False,31,25.55427418131373,181.0,181.0,L1,0.95,0.95,2021-06
20210701,24,False,True,206,179.42333058235604,182.0,182.0,L1,0.95,0.95,2021-07
20210702,24,False,True,187,171.67017073311627,182.0,182.0,L1,0.95,0.95,2021-07
20210703,24,False,False,112,117.67810973946469,182.0,182.0,L1,0.95,0.95,2021-07
20210704,24,False,False,28,24.631360698976152,182.0,182.0,L1,0.95,0.95,2021-07
20210705,24,True,True,185,188.21700484908737,182.0,182.0,L1,0.95,0.95,2021-07
20210706,24,False,True,193,178.9439493085764,182.0,182.0,L1,0.95,0.95,2021-07
20210707,24,False,True,203,180.49721179524047,182.0,182.0,L1,0.95,0.95,2021-07
20210708,24,False,True,201,181.77891811892425,182.0,182.0,L1,0.95,0.95,2021-07
20210709,24,False,True,192,173.72186610835578,182.0,182.0,L1,0.95,0.95,2021-07
20210710,24,False,False,106,103.82590243280215,182.0,182.0,L1,0.95,0.95,2021-07
20210711,24,False,False,28,25.324500993364193,182.0,182.0,L1,0.95,0.95,2021-07
20210712,24,True,True,198,183.5978729311712,182.0,182.0,L1,0.95,0.95,2021-07
20210714,24,False,True,195,179.72555073398522,182.0,182.0,L1,0.95,0.95,2021-07
20210716,24,False,True,197,171.53960603021358,182.0,182.0,L1,0.95,0.95,2021-07
20210717,24,False,False,110,114.76551548221353,182.0,182.0,L1,0.95,0.95,2021-07
20210718,24,False,False,28,25.2756594542482,182.0,182.0,L1,0.95,0.95,2021-07
20210719,24,True,True,222,188.66444417607295,182.0,182.0,L1,0.95,0.95,2021-07
20210720,24,False,True,201,176.2345557133043,182.0,182.0,L1,0.95,0.95,2021-07
20210721,24,True,True,214,182.75405417471657,182.0,182.0,L1,0.95,0.95,2021-07
20210722,24,False,True,213,172.96826265990657,182.0,182.0,L1,0.95,0.95,2021-07
20210723,24,False,True,206,176.90795950106494,182.0,182.0,L1,0.95,0.95,2021-07
20210724,24,False,False,104,113.977477051611,182.0,182.0,L1,0.95,0.95,2021-07
20210725,24,False,False,29,25.177046108912048,182.0,182.0,L1,0.95,0.95,2021-07
20210726,24,True,True,217,185.77975449553563,182.0,182.0,L1,0.95,0.95,2021-07
20210727,24,True,True,211,182.7471002639666,182.0,182.0,L1,0.95,0.95,2021-07
20210729,24,False,True,211,174.60771078613104,182.0,182.0,L1,0.95,0.95,2021-07
20210731,24,False,False,28,39.01291390356676,182.0,182.0,L1,0.95,0.95,2021-07
20210801,24,False,False,28,37.738920295291024,185.0,185.0,L1,0.95,0.95,2021-08
20210802,24,False,False,26,27.905394218881145,185.0,185.0,L1,0.95,0.95,2021-08
20210803,24,False,False,26,32.43012637076985,185.0,185.0,L1,0.95,0.95,2021-08
20210804,24,False,False,26,34.62623199197393,185.0,185.0,L1,0.95,0.95,2021-08
20210805,24,False,False,26,33.071846640400956,185.0,185.0,L1,0.95,0.95,2021-08
20210806,24,False,False,27,36.283808040961425,185.0,185.0,L1,0.95,0.95,2021-08
20210807,24,False,False,26,31.971326208017725,185.0,185.0,L1,0.95,0.95,2021-08
20210808,24,False,False,26,37.44264602103478,185.0,185.0,L1,0.95,0.95,2021-08
20210809,24,True,True,215,188.94042978070055,185.0,185.0,L1,0.95,0.95,2021-08
20210810,24,True,True,195,187.26441347960386,185.0,185.0,L1,0.95,0.95,2021-08
20210811,24,True,True,218,192.6221115873869,185.0,185.0,L1,0.95,0.95,2021-08
20210812,24,True,True,199,196.15887017449927,185.0,185.0,L1,0.95,0.95,2021-08
20210813,24,True,True,207,187.22376939885166,185.0,185.0,L1,0.95,0.95,2021-08
20210814,24,False,False,108,108.73272701772481,185.0,185.0,L1,0.95,0.95,2021-08
20210815,24,False,False,28,24.310020320491873,185.0,185.0,L1,0.95,0.95,2021-08
20210816,24,True,True,190,188.15986751987933,185.0,185.0,L1,0.95,0.95,2021-08
20210817,24,False,False,173,184.49984896173518,185.0,185.0,L1,0.95,0.95,2021-08
20210818,24,True,True,188,189.47076727555705,185.0,185.0,L1,0.95,0.95,2021-08
20210819,24,True,True,188,192.4352246163545,185.0,185.0,L1,0.95,0.95,2021-08
20210820,24,True,True,193,192.4367933899955,185.0,185.0,L1,0.95,0.95,2021-08
20210821,24,False,False,110,106.32976393800347,185.0,185.0,L1,0.95,0.95,2021-08
20210822,24,False,False,27,26.054855039574182,185.0,185.0,L1,0.95,0.95,2021-08
20210823,24,True,True,196,188.81738298574774,185.0,185.0,L1,0.95,0.95,2021-08
20210824,24,True,True,201,187.35561345513167,185.0,185.0,L1,0.95,0.95,2021-08
20210825,24,True,True,189,193.02394610817774,185.0,185.0,L1,0.95,0.95,2021-08
20210826,24,True,True,202,198.1668047859209,185.0,185.0,L1,0.95,0.95,2021-08
20210827,24,True,True,190,201.65133139364636,185.0,185.0,L1,0.95,0.95,2021-08
20210830,24,True,True,186,189.07840255195455,185.0,185.0,L1,0.95,0.95,2021-08
20210831,24,True,True,187,189.14260633485267,185.0,185.0,L1,0.95,0.95,2021-08
20210901,24,True,True,198,190.64304278934924,186.0,186.0,L1,0.95,0.95,2021-09
20210902,24,True,True,198,187.2747526401923,186.0,186.0,L1,0.95,0.95,2021-09
20210903,24,False,True,190,179.30007401298417,186.0,186.0,L1,0.95,0.95,2021-09
20210904,24,False,False,116,113.60355268023962,186.0,186.0,L1,0.95,0.95,2021-09
20210905,24,False,False,28,23.95261447253009,186.0,186.0,L1,0.95,0.95,2021-09
20210906,24,False,True,190,181.82625645976285,186.0,186.0,L1,0.95,0.95,2021-09
20210907,24,True,True,192,188.28001966340275,186.0,186.0,L1,0.95,0.95,2021-09
20210909,24,True,True,190,192.950133710652,186.0,186.0,L1,0.95,0.95,2021-09
20210910,24,True,True,204,186.88254532121377,186.0,186.0,L1,0.95,0.95,2021-09
20210911,24,False,False,107,109.96921881753059,186.0,186.0,L1,0.95,0.95,2021-09
20210912,24,False,False,28,24.079511419769762,186.0,186.0,L1,0.95,0.95,2021-09
20210913,24,False,True,196,179.72740606188415,186.0,186.0,L1,0.95,0.95,2021-09
20210914,24,False,False,184,183.23236217892767,186.0,186.0,L1,0.95,0.95,2021-09
20210505,24,False,False,120,140.81051348259123,181.0,185.0,L1,0.97,0.95,2021-05
20210511,24,False,True,185,172.91374441686708,181.0,185.0,L1,0.97,0.95,2021-05
20210512,24,False,True,184,113.43796720150452,181.0,185.0,L1,0.97,0.95,2021-05
20210513,24,False,False,176,182.7502170513258,181.0,185.0,L1,0.97,0.95,2021-05
20210514,24,False,False,157,178.0531565174288,181.0,185.0,L1,0.97,0.95,2021-05
20210515,24,False,False,105,106.87035606225811,181.0,185.0,L1,0.97,0.95,2021-05
20210517,24,False,True,192,175.56117963400854,181.0,185.0,L1,0.97,0.95,2021-05
20210519,24,False,False,108,124.80768036959783,181.0,185.0,L1,0.97,0.95,2021-05
20210520,24,False,True,181,178.1931684603319,181.0,185.0,L1,0.97,0.95,2021-05
20210521,24,False,False,160,165.51834370416168,181.0,185.0,L1,0.97,0.95,2021-05
20210523,24,False,False,25,25.146878572898885,181.0,185.0,L1,0.97,0.95,2021-05
20210526,24,False,False,166,131.82276640442993,181.0,185.0,L1,0.97,0.95,2021-05
20210529,24,False,False,107,111.53208652491047,181.0,185.0,L1,0.97,0.95,2021-05
20210531,24,False,False,172,176.18421761949637,181.0,185.0,L1,0.97,0.95,2021-05
20210620,24,False,False,28,25.61644401455568,181.0,185.0,L1,0.97,0.95,2021-06
20210627,24,False,False,31,25.55427418131373,181.0,185.0,L1,0.97,0.95,2021-06
20210701,24,False,True,206,179.42333058235604,182.0,185.0,L1,0.97,0.95,2021-07
20210702,24,False,True,187,171.67017073311627,182.0,185.0,L1,0.97,0.95,2021-07
20210703,24,False,False,112,117.67810973946469,182.0,185.0,L1,0.97,0.95,2021-07
20210704,24,False,False,28,24.631360698976152,182.0,185.0,L1,0.97,0.95,2021-07
20210705,24,True,True,185,188.21700484908737,182.0,185.0,L1,0.97,0.95,2021-07
20210706,24,False,True,193,178.9439493085764,182.0,185.0,L1,0.97,0.95,2021-07
20210707,24,False,True,203,180.49721179524047,182.0,185.0,L1,0.97,0.95,2021-07
20210708,24,False,True,201,181.77891811892425,182.0,185.0,L1,0.97,0.95,2021-07
20210709,24,False,True,192,173.72186610835578,182.0,185.0,L1,0.97,0.95,2021-07
20210710,24,False,False,106,103.82590243280215,182.0,185.0,L1,0.97,0.95,2021-07
20210711,24,False,False,28,25.324500993364193,182.0,185.0,L1,0.97,0.95,2021-07
20210712,24,False,True,198,183.5978729311712,182.0,185.0,L1,0.97,0.95,2021-07
20210714,24,False,True,195,179.72555073398522,182.0,185.0,L1,0.97,0.95,2021-07
20210716,24,False,True,197,171.53960603021358,182.0,185.0,L1,0.97,0.95,2021-07
20210717,24,False,False,110,114.76551548221353,182.0,185.0,L1,0.97,0.95,2021-07
20210718,24,False,False,28,25.2756594542482,182.0,185.0,L1,0.97,0.95,2021-07
20210719,24,True,True,222,188.66444417607295,182.0,185.0,L1,0.97,0.95,2021-07
20210720,24,False,True,201,176.2345557133043,182.0,185.0,L1,0.97,0.95,2021-07
20210721,24,False,True,214,182.75405417471657,182.0,185.0,L1,0.97,0.95,2021-07
20210722,24,False,True,213,172.96826265990657,182.0,185.0,L1,0.97,0.95,2021-07
20210723,24,False,True,206,176.90795950106494,182.0,185.0,L1,0.97,0.95,2021-07
20210724,24,False,False,104,113.977477051611,182.0,185.0,L1,0.97,0.95,2021-07
20210725,24,False,False,29,25.177046108912048,182.0,185.0,L1,0.97,0.95,2021-07
20210726,24,True,True,217,185.77975449553563,182.0,185.0,L1,0.97,0.95,2021-07
20210727,24,False,True,211,182.7471002639666,182.0,185.0,L1,0.97,0.95,2021-07
20210729,24,False,True,211,174.60771078613104,182.0,185.0,L1,0.97,0.95,2021-07
20210731,24,False,False,28,39.01291390356676,182.0,185.0,L1,0.97,0.95,2021-07
20210801,24,False,False,28,37.738920295291024,185.0,191.0,L1,0.97,0.95,2021-08
20210802,24,False,False,26,27.905394218881145,185.0,191.0,L1,0.97,0.95,2021-08
20210803,24,False,False,26,32.43012637076985,185.0,191.0,L1,0.97,0.95,2021-08
20210804,24,False,False,26,34.62623199197393,185.0,191.0,L1,0.97,0.95,2021-08
20210805,24,False,False,26,33.071846640400956,185.0,191.0,L1,0.97,0.95,2021-08
20210806,24,False,False,27,36.283808040961425,185.0,191.0,L1,0.97,0.95,2021-08
20210807,24,False,False,26,31.971326208017725,185.0,191.0,L1,0.97,0.95,2021-08
20210808,24,False,False,26,37.44264602103478,185.0,191.0,L1,0.97,0.95,2021-08
20210809,24,False,True,215,188.94042978070055,185.0,191.0,L1,0.97,0.95,2021-08
20210810,24,False,True,195,187.26441347960386,185.0,191.0,L1,0.97,0.95,2021-08
20210811,24,True,True,218,192.6221115873869,185.0,191.0,L1,0.97,0.95,2021-08
20210812,24,True,True,199,196.15887017449927,185.0,191.0,L1,0.97,0.95,2021-08
20210813,24,False,True,207,187.22376939885166,185.0,191.0,L1,0.97,0.95,2021-08
20210814,24,False,False,108,108.73272701772481,185.0,191.0,L1,0.97,0.95,2021-08
20210815,24,False,False,28,24.310020320491873,185.0,191.0,L1,0.97,0.95,2021-08
20210816,24,False,True,190,188.15986751987933,185.0,191.0,L1,0.97,0.95,2021-08
20210817,24,False,False,173,184.49984896173518,185.0,191.0,L1,0.97,0.95,2021-08
20210818,24,False,True,188,189.47076727555705,185.0,191.0,L1,0.97,0.95,2021-08
20210819,24,True,True,188,192.4352246163545,185.0,191.0,L1,0.97,0.95,2021-08
20210820,24,True,True,193,192.4367933899955,185.0,191.0,L1,0.97,0.95,2021-08
20210821,24,False,False,110,106.32976393800347,185.0,191.0,L1,0.97,0.95,2021-08
20210822,24,False,False,27,26.054855039574182,185.0,191.0,L1,0.97,0.95,2021-08
20210823,24,False,True,196,188.81738298574774,185.0,191.0,L1,0.97,0.95,2021-08
20210824,24,False,True,201,187.35561345513167,185.0,191.0,L1,0.97,0.95,2021-08
20210825,24,True,True,189,193.02394610817774,185.0,191.0,L1,0.97,0.95,2021-08
20210826,24,True,True,202,198.1668047859209,185.0,191.0,L1,0.97,0.95,2021-08
20210827,24,True,True,190,201.65133139364636,185.0,191.0,L1,0.97,0.95,2021-08
20210830,24,False,True,186,189.07840255195455,185.0,191.0,L1,0.97,0.95,2021-08
20210831,24,False,True,187,189.14260633485267,185.0,191.0,L1,0.97,0.95,2021-08
20210901,24,False,True,198,190.64304278934924,186.0,192.0,L1,0.97,0.95,2021-09
20210902,24,False,True,198,187.2747526401923,186.0,192.0,L1,0.97,0.95,2021-09
20210903,24,False,True,190,179.30007401298417,186.0,192.0,L1,0.97,0.95,2021-09
20210904,24,False,False,116,113.60355268023962,186.0,192.0,L1,0.97,0.95,2021-09
20210905,24,False,False,28,23.95261447253009,186.0,192.0,L1,0.97,0.95,2021-09
20210906,24,False,True,190,181.82625645976285,186.0,192.0,L1,0.97,0.95,2021-09
20210907,24,False,True,192,188.28001966340275,186.0,192.0,L1,0.97,0.95,2021-09
20210909,24,True,True,190,192.950133710652,186.0,192.0,L1,0.97,0.95,2021-09
20210910,24,False,True,204,186.88254532121377,186.0,192.0,L1,0.97,0.95,2021-09
20210911,24,False,False,107,109.96921881753059,186.0,192.0,L1,0.97,0.95,2021-09
20210912,24,False,False,28,24.079511419769762,186.0,192.0,L1,0.97,0.95,2021-09
20210913,24,False,True,196,179.72740606188415,186.0,192.0,L1,0.97,0.95,2021-09
20210914,24,False,False,184,183.23236217892767,186.0,192.0,L1,0.97,0.95,2021-09
20210505,24,False,False,120,140.81051348259123,181.0,189.0,L1,0.98,0.95,2021-05
20210511,24,False,True,185,172.91374441686708,181.0,189.0,L1,0.98,0.95,2021-05
20210512,24,False,True,184,113.43796720150452,181.0,189.0,L1,0.98,0.95,2021-05
20210513,24,False,False,176,182.7502170513258,181.0,189.0,L1,0.98,0.95,2021-05
20210514,24,False,False,157,178.0531565174288,181.0,189.0,L1,0.98,0.95,2021-05
20210515,24,False,False,105,106.87035606225811,181.0,189.0,L1,0.98,0.95,2021-05
20210517,24,False,True,192,175.56117963400854,181.0,189.0,L1,0.98,0.95,2021-05
20210519,24,False,False,108,124.80768036959783,181.0,189.0,L1,0.98,0.95,2021-05
20210520,24,False,True,181,178.1931684603319,181.0,189.0,L1,0.98,0.95,2021-05
20210521,24,False,False,160,165.51834370416168,181.0,189.0,L1,0.98,0.95,2021-05
20210523,24,False,False,25,25.146878572898885,181.0,189.0,L1,0.98,0.95,2021-05
20210526,24,False,False,166,131.82276640442993,181.0,189.0,L1,0.98,0.95,2021-05
20210529,24,False,False,107,111.53208652491047,181.0,189.0,L1,0.98,0.95,2021-05
20210531,24,False,False,172,176.18421761949637,181.0,189.0,L1,0.98,0.95,2021-05
20210620,24,False,False,28,25.61644401455568,181.0,188.0,L1,0.98,0.95,2021-06
20210627,24,False,False,31,25.55427418131373,181.0,188.0,L1,0.98,0.95,2021-06
20210701,24,False,True,206,179.42333058235604,182.0,189.0,L1,0.98,0.95,2021-07
20210702,24,False,True,187,171.67017073311627,182.0,189.0,L1,0.98,0.95,2021-07
20210703,24,False,False,112,117.67810973946469,182.0,189.0,L1,0.98,0.95,2021-07
20210704,24,False,False,28,24.631360698976152,182.0,189.0,L1,0.98,0.95,2021-07
20210705,24,False,True,185,188.21700484908737,182.0,189.0,L1,0.98,0.95,2021-07
20210706,24,False,True,193,178.9439493085764,182.0,189.0,L1,0.98,0.95,2021-07
20210707,24,False,True,203,180.49721179524047,182.0,189.0,L1,0.98,0.95,2021-07
20210708,24,False,True,201,181.77891811892425,182.0,189.0,L1,0.98,0.95,2021-07
20210709,24,False,True,192,173.72186610835578,182.0,189.0,L1,0.98,0.95,2021-07
20210710,24,False,False,106,103.82590243280215,182.0,189.0,L1,0.98,0.95,2021-07
20210711,24,False,False,28,25.324500993364193,182.0,189.0,L1,0.98,0.95,2021-07
20210712,24,False,True,198,183.5978729311712,182.0,189.0,L1,0.98,0.95,2021-07
20210714,24,False,True,195,179.72555073398522,182.0,189.0,L1,0.98,0.95,2021-07
20210716,24,False,True,197,171.53960603021358,182.0,189.0,L1,0.98,0.95,2021-07
20210717,24,False,False,110,114.76551548221353,182.0,189.0,L1,0.98,0.95,2021-07
20210718,24,False,False,28,25.2756594542482,182.0,189.0,L1,0.98,0.95,2021-07
20210719,24,False,True,222,188.66444417607295,182.0,189.0,L1,0.98,0.95,2021-07
20210720,24,False,True,201,176.2345557133043,182.0,189.0,L1,0.98,0.95,2021-07
20210721,24,False,True,214,182.75405417471657,182.0,189.0,L1,0.98,0.95,2021-07
20210722,24,False,True,213,172.96826265990657,182.0,189.0,L1,0.98,0.95,2021-07
20210723,24,False,True,206,176.90795950106494,182.0,189.0,L1,0.98,0.95,2021-07
20210724,24,False,False,104,113.977477051611,182.0,189.0,L1,0.98,0.95,2021-07
20210725,24,False,False,29,25.177046108912048,182.0,189.0,L1,0.98,0.95,2021-07
20210726,24,False,True,217,185.77975449553563,182.0,189.0,L1,0.98,0.95,2021-07
20210727,24,False,True,211,182.7471002639666,182.0,189.0,L1,0.98,0.95,2021-07
20210729,24,False,True,211,174.60771078613104,182.0,189.0,L1,0.98,0.95,2021-07
20210731,24,False,False,28,39.01291390356676,182.0,189.0,L1,0.98,0.95,2021-07
20210801,24,False,False,28,37.738920295291024,185.0,194.0,L1,0.98,0.95,2021-08
20210802,24,False,False,26,27.905394218881145,185.0,194.0,L1,0.98,0.95,2021-08
20210803,24,False,False,26,32.43012637076985,185.0,194.0,L1,0.98,0.95,2021-08
20210804,24,False,False,26,34.62623199197393,185.0,194.0,L1,0.98,0.95,2021-08
20210805,24,False,False,26,33.071846640400956,185.0,194.0,L1,0.98,0.95,2021-08
20210806,24,False,False,27,36.283808040961425,185.0,194.0,L1,0.98,0.95,2021-08
20210807,24,False,False,26,31.971326208017725,185.0,194.0,L1,0.98,0.95,2021-08
20210808,24,False,False,26,37.44264602103478,185.0,194.0,L1,0.98,0.95,2021-08
20210809,24,False,True,215,188.94042978070055,185.0,194.0,L1,0.98,0.95,2021-08
20210810,24,False,True,195,187.26441347960386,185.0,194.0,L1,0.98,0.95,2021-08
20210811,24,False,True,218,192.6221115873869,185.0,194.0,L1,0.98,0.95,2021-08
20210812,24,True,True,199,196.15887017449927,185.0,194.0,L1,0.98,0.95,2021-08
20210813,24,False,True,207,187.22376939885166,185.0,194.0,L1,0.98,0.95,2021-08
20210814,24,False,False,108,108.73272701772481,185.0,194.0,L1,0.98,0.95,2021-08
20210815,24,False,False,28,24.310020320491873,185.0,194.0,L1,0.98,0.95,2021-08
20210816,24,False,True,190,188.15986751987933,185.0,194.0,L1,0.98,0.95,2021-08
20210817,24,False,False,173,184.49984896173518,185.0,194.0,L1,0.98,0.95,2021-08
20210818,24,False,True,188,189.47076727555705,185.0,194.0,L1,0.98,0.95,2021-08
20210819,24,False,True,188,192.4352246163545,185.0,194.0,L1,0.98,0.95,2021-08
20210820,24,False,True,193,192.4367933899955,185.0,194.0,L1,0.98,0.95,2021-08
20210821,24,False,False,110,106.32976393800347,185.0,194.0,L1,0.98,0.95,2021-08
20210822,24,False,False,27,26.054855039574182,185.0,194.0,L1,0.98,0.95,2021-08
20210823,24,False,True,196,188.81738298574774,185.0,194.0,L1,0.98,0.95,2021-08
20210824,24,False,True,201,187.35561345513167,185.0,194.0,L1,0.98,0.95,2021-08
20210825,24,False,True,189,193.02394610817774,185.0,194.0,L1,0.98,0.95,2021-08
20210826,24,True,True,202,198.1668047859209,185.0,194.0,L1,0.98,0.95,2021-08
20210827,24,True,True,190,201.65133139364636,185.0,194.0,L1,0.98,0.95,2021-08
20210830,24,False,True,186,189.07840255195455,185.0,194.0,L1,0.98,0.95,2021-08
20210831,24,False,True,187,189.14260633485267,185.0,194.0,L1,0.98,0.95,2021-08
20210901,24,False,True,198,190.64304278934924,186.0,195.0,L1,0.98,0.95,2021-09
20210902,24,False,True,198,187.2747526401923,186.0,195.0,L1,0.98,0.95,2021-09
20210903,24,False,True,190,179.30007401298417,186.0,195.0,L1,0.98,0.95,2021-09
20210904,24,False,False,116,113.60355268023962,186.0,195.0,L1,0.98,0.95,2021-09
20210905,24,False,False,28,23.95261447253009,186.0,195.0,L1,0.98,0.95,2021-09
20210906,24,False,True,190,181.82625645976285,186.0,195.0,L1,0.98,0.95,2021-09
20210907,24,False,True,192,188.28001966340275,186.0,195.0,L1,0.98,0.95,2021-09
20210909,24,False,True,190,192.950133710652,186.0,195.0,L1,0.98,0.95,2021-09
20210910,24,False,True,204,186.88254532121377,186.0,195.0,L1,0.98,0.95,2021-09
20210911,24,False,False,107,109.96921881753059,186.0,195.0,L1,0.98,0.95,2021-09
20210912,24,False,False,28,24.079511419769762,186.0,195.0,L1,0.98,0.95,2021-09
20210913,24,False,True,196,179.72740606188415,186.0,195.0,L1,0.98,0.95,2021-09
20210914,24,False,False,184,183.23236217892767,186.0,195.0,L1,0.98,0.95,2021-09
20210505,24,False,False,120,177.58553634515008,181.0,181.0,P90,0.95,0.95,2021-05
20210511,24,True,True,185,187.45705341691655,181.0,181.0,P90,0.95,0.95,2021-05
20210512,24,False,True,184,120.51034637547946,181.0,181.0,P90,0.95,0.95,2021-05
20210513,24,True,False,176,184.92189019056596,181.0,181.0,P90,0.95,0.95,2021-05
20210514,24,True,False,157,187.21512035620984,181.0,181.0,P90,0.95,0.95,2021-05
20210515,24,False,False,105,113.75771612712019,181.0,181.0,P90,0.95,0.95,2021-05
20210517,24,True,True,192,184.7327807719355,181.0,181.0,P90,0.95,0.95,2021-05
20210519,24,False,False,108,176.02144084756353,181.0,181.0,P90,0.95,0.95,2021-05
20210520,24,True,True,181,184.8954046493458,181.0,181.0,P90,0.95,0.95,2021-05
20210521,24,False,False,160,174.59033360409535,181.0,181.0,P90,0.95,0.95,2021-05
20210523,24,False,False,25,41.46872598101373,181.0,181.0,P90,0.95,0.95,2021-05
20210526,24,False,False,166,138.3707019114676,181.0,181.0,P90,0.95,0.95,2021-05
20210529,24,False,False,107,114.99875655555701,181.0,181.0,P90,0.95,0.95,2021-05
20210531,24,True,False,172,181.879969763854,181.0,181.0,P90,0.95,0.95,2021-05
20210620,24,False,False,28,31.786085243138874,181.0,181.0,P90,0.95,0.95,2021-06
20210627,24,False,False,31,32.06151882261978,181.0,181.0,P90,0.95,0.95,2021-06
20210701,24,True,True,206,188.7603186140274,182.0,182.0,P90,0.95,0.95,2021-07
20210702,24,True,True,187,188.48361091958554,182.0,182.0,P90,0.95,0.95,2021-07
20210703,24,False,False,112,132.09969066037186,182.0,182.0,P90,0.95,0.95,2021-07
20210704,24,False,False,28,33.62770881554194,182.0,182.0,P90,0.95,0.95,2021-07
20210705,24,True,True,185,199.7743849944378,182.0,182.0,P90,0.95,0.95,2021-07
20210706,24,True,True,193,194.3027839063714,182.0,182.0,P90,0.95,0.95,2021-07
20210707,24,True,True,203,186.71236197518456,182.0,182.0,P90,0.95,0.95,2021-07
20210708,24,True,True,201,193.27730551050004,182.0,182.0,P90,0.95,0.95,2021-07
20210709,24,True,True,192,187.56988270539867,182.0,182.0,P90,0.95,0.95,2021-07
20210710,24,False,False,106,116.25392412784545,182.0,182.0,P90,0.95,0.95,2021-07
20210711,24,False,False,28,33.18235331074544,182.0,182.0,P90,0.95,0.95,2021-07
20210712,24,True,True,198,201.16313743187712,182.0,182.0,P90,0.95,0.95,2021-07
20210714,24,True,True,195,190.65812001476138,182.0,182.0,P90,0.95,0.95,2021-07
20210716,24,True,True,197,183.9914485011186,182.0,182.0,P90,0.95,0.95,2021-07
20210717,24,False,False,110,120.48677912962141,182.0,182.0,P90,0.95,0.95,2021-07
20210718,24,False,False,28,33.464869323675345,182.0,182.0,P90,0.95,0.95,2021-07
20210719,24,True,True,222,203.13652765024358,182.0,182.0,P90,0.95,0.95,2021-07
20210720,24,True,True,201,185.21167635392044,182.0,182.0,P90,0.95,0.95,2021-07
20210721,24,True,True,214,189.35910996656153,182.0,182.0,P90,0.95,0.95,2021-07
20210722,24,True,True,213,187.7764212863386,182.0,182.0,P90,0.95,0.95,2021-07
20210723,24,True,True,206,191.98144726125932,182.0,182.0,P90,0.95,0.95,2021-07
20210724,24,False,False,104,125.16312278735602,182.0,182.0,P90,0.95,0.95,2021-07
20210725,24,False,False,29,33.45272551681628,182.0,182.0,P90,0.95,0.95,2021-07
20210726,24,True,True,217,202.31167497332595,182.0,182.0,P90,0.95,0.95,2021-07
20210727,24,True,True,211,192.05474435505735,182.0,182.0,P90,0.95,0.95,2021-07
20210729,24,True,True,211,186.46129539393147,182.0,182.0,P90,0.95,0.95,2021-07
20210731,24,False,False,28,49.135494369687336,182.0,182.0,P90,0.95,0.95,2021-07
20210801,24,False,False,28,60.17570938029821,185.0,185.0,P90,0.95,0.95,2021-08
20210802,24,False,False,26,121.08001002417465,185.0,185.0,P90,0.95,0.95,2021-08
20210803,24,False,False,26,120.15001259620891,185.0,185.0,P90,0.95,0.95,2021-08
20210804,24,False,False,26,121.59356343034113,185.0,185.0,P90,0.95,0.95,2021-08
20210805,24,False,False,26,122.26844264935751,185.0,185.0,P90,0.95,0.95,2021-08
20210806,24,False,False,27,128.25031630263987,185.0,185.0,P90,0.95,0.95,2021-08
20210807,24,False,False,26,56.946542355002684,185.0,185.0,P90,0.95,0.95,2021-08
20210808,24,False,False,26,59.34322120996365,185.0,185.0,P90,0.95,0.95,2021-08
20210809,24,True,True,215,199.07108053213764,185.0,185.0,P90,0.95,0.95,2021-08
20210810,24,True,True,195,197.86451551718574,185.0,185.0,P90,0.95,0.95,2021-08
20210811,24,True,True,218,204.61082838167007,185.0,185.0,P90,0.95,0.95,2021-08
20210812,24,True,True,199,207.98329724434964,185.0,185.0,P90,0.95,0.95,2021-08
20210813,24,True,True,207,194.80945537773866,185.0,185.0,P90,0.95,0.95,2021-08
20210814,24,False,False,108,119.39937005358634,185.0,185.0,P90,0.95,0.95,2021-08
20210815,24,False,False,28,27.541174921017276,185.0,185.0,P90,0.95,0.95,2021-08
20210816,24,True,True,190,188.82478283268642,185.0,185.0,P90,0.95,0.95,2021-08
20210817,24,True,False,173,192.28461029970796,185.0,185.0,P90,0.95,0.95,2021-08
20210818,24,True,True,188,194.59788363968366,185.0,185.0,P90,0.95,0.95,2021-08
20210819,24,True,True,188,197.58891198853954,185.0,185.0,P90,0.95,0.95,2021-08
20210820,24,True,True,193,196.81285149151324,185.0,185.0,P90,0.95,0.95,2021-08
20210821,24,False,False,110,122.41532939725978,185.0,185.0,P90,0.95,0.95,2021-08
20210822,24,False,False,27,30.50414421172186,185.0,185.0,P90,0.95,0.95,2021-08
20210823,24,True,True,196,192.68836031073667,185.0,185.0,P90,0.95,0.95,2021-08
20210824,24,True,True,201,196.02277940968952,185.0,185.0,P90,0.95,0.95,2021-08
20210825,24,True,True,189,198.93777425484066,185.0,185.0,P90,0.95,0.95,2021-08
20210826,24,True,True,202,205.45750879870835,185.0,185.0,P90,0.95,0.95,2021-08
20210827,24,True,True,190,208.10365178664168,185.0,185.0,P90,0.95,0.95,2021-08
20210830,24,True,True,186,198.58187302984345,185.0,185.0,P90,0.95,0.95,2021-08
20210831,24,True,True,187,196.63076600859918,185.0,185.0,P90,0.95,0.95,2021-08
20210901,24,True,True,198,199.39123357830022,186.0,186.0,P90,0.95,0.95,2021-09
20210902,24,True,True,198,199.73640790300013,186.0,186.0,P90,0.95,0.95,2021-09
20210903,24,True,True,190,191.89298364339243,186.0,186.0,P90,0.95,0.95,2021-09
20210904,24,False,False,116,121.49062031366417,186.0,186.0,P90,0.95,0.95,2021-09
20210905,24,False,False,28,27.271441604809226,186.0,186.0,P90,0.95,0.95,2021-09
20210906,24,True,True,190,189.29284411507646,186.0,186.0,P90,0.95,0.95,2021-09
20210907,24,True,True,192,192.02907076870466,186.0,186.0,P90,0.95,0.95,2021-09
20210909,24,True,True,190,197.55238294251464,186.0,186.0,P90,0.95,0.95,2021-09
20210910,24,True,True,204,194.00315406310378,186.0,186.0,P90,0.95,0.95,2021-09
20210911,24,False,False,107,114.59717693418327,186.0,186.0,P90,0.95,0.95,2021-09
20210912,24,False,False,28,27.88871145957887,186.0,186.0,P90,0.95,0.95,2021-09
20210913,24,True,True,196,190.97473726257206,186.0,186.0,P90,0.95,0.95,2021-09
20210914,24,True,False,184,193.14139753895256,186.0,186.0,P90,0.95,0.95,2021-09
20210505,24,False,False,120,177.58553634515008,181.0,185.0,P90,0.97,0.95,2021-05
20210511,24,True,True,185,187.45705341691655,181.0,185.0,P90,0.97,0.95,2021-05
20210512,24,False,True,184,120.51034637547946,181.0,185.0,P90,0.97,0.95,2021-05
20210513,24,False,False,176,184.92189019056596,181.0,185.0,P90,0.97,0.95,2021-05
20210514,24,True,False,157,187.21512035620984,181.0,185.0,P90,0.97,0.95,2021-05
20210515,24,False,False,105,113.75771612712019,181.0,185.0,P90,0.97,0.95,2021-05
20210517,24,False,True,192,184.7327807719355,181.0,185.0,P90,0.97,0.95,2021-05
20210519,24,False,False,108,176.02144084756353,181.0,185.0,P90,0.97,0.95,2021-05
20210520,24,False,True,181,184.8954046493458,181.0,185.0,P90,0.97,0.95,2021-05
20210521,24,False,False,160,174.59033360409535,181.0,185.0,P90,0.97,0.95,2021-05
20210523,24,False,False,25,41.46872598101373,181.0,185.0,P90,0.97,0.95,2021-05
20210526,24,False,False,166,138.3707019114676,181.0,185.0,P90,0.97,0.95,2021-05
20210529,24,False,False,107,114.99875655555701,181.0,185.0,P90,0.97,0.95,2021-05
20210531,24,False,False,172,181.879969763854,181.0,185.0,P90,0.97,0.95,2021-05
20210620,24,False,False,28,31.786085243138874,181.0,185.0,P90,0.97,0.95,2021-06
20210627,24,False,False,31,32.06151882261978,181.0,185.0,P90,0.97,0.95,2021-06
20210701,24,True,True,206,188.7603186140274,182.0,185.0,P90,0.97,0.95,2021-07
20210702,24,True,True,187,188.48361091958554,182.0,185.0,P90,0.97,0.95,2021-07
20210703,24,False,False,112,132.09969066037186,182.0,185.0,P90,0.97,0.95,2021-07
20210704,24,False,False,28,33.62770881554194,182.0,185.0,P90,0.97,0.95,2021-07
20210705,24,True,True,185,199.7743849944378,182.0,185.0,P90,0.97,0.95,2021-07
20210706,24,True,True,193,194.3027839063714,182.0,185.0,P90,0.97,0.95,2021-07
20210707,24,True,True,203,186.71236197518456,182.0,185.0,P90,0.97,0.95,2021-07
20210708,24,True,True,201,193.27730551050004,182.0,185.0,P90,0.97,0.95,2021-07
20210709,24,True,True,192,187.56988270539867,182.0,185.0,P90,0.97,0.95,2021-07
20210710,24,False,False,106,116.25392412784545,182.0,185.0,P90,0.97,0.95,2021-07
20210711,24,False,False,28,33.18235331074544,182.0,185.0,P90,0.97,0.95,2021-07
20210712,24,True,True,198,201.16313743187712,182.0,185.0,P90,0.97,0.95,2021-07
20210714,24,True,True,195,190.65812001476138,182.0,185.0,P90,0.97,0.95,2021-07
20210716,24,False,True,197,183.9914485011186,182.0,185.0,P90,0.97,0.95,2021-07
20210717,24,False,False,110,120.48677912962141,182.0,185.0,P90,0.97,0.95,2021-07
20210718,24,False,False,28,33.464869323675345,182.0,185.0,P90,0.97,0.95,2021-07
20210719,24,True,True,222,203.13652765024358,182.0,185.0,P90,0.97,0.95,2021-07
20210720,24,True,True,201,185.21167635392044,182.0,185.0,P90,0.97,0.95,2021-07
20210721,24,True,True,214,189.35910996656153,182.0,185.0,P90,0.97,0.95,2021-07
20210722,24,True,True,213,187.7764212863386,182.0,185.0,P90,0.97,0.95,2021-07
20210723,24,True,True,206,191.98144726125932,182.0,185.0,P90,0.97,0.95,2021-07
20210724,24,False,False,104,125.16312278735602,182.0,185.0,P90,0.97,0.95,2021-07
20210725,24,False,False,29,33.45272551681628,182.0,185.0,P90,0.97,0.95,2021-07
20210726,24,True,True,217,202.31167497332595,182.0,185.0,P90,0.97,0.95,2021-07
20210727,24,True,True,211,192.05474435505735,182.0,185.0,P90,0.97,0.95,2021-07
20210729,24,True,True,211,186.46129539393147,182.0,185.0,P90,0.97,0.95,2021-07
20210731,24,False,False,28,49.135494369687336,182.0,185.0,P90,0.97,0.95,2021-07
20210801,24,False,False,28,60.17570938029821,185.0,191.0,P90,0.97,0.95,2021-08
20210802,24,False,False,26,121.08001002417465,185.0,191.0,P90,0.97,0.95,2021-08
20210803,24,False,False,26,120.15001259620891,185.0,191.0,P90,0.97,0.95,2021-08
20210804,24,False,False,26,121.59356343034113,185.0,191.0,P90,0.97,0.95,2021-08
20210805,24,False,False,26,122.26844264935751,185.0,191.0,P90,0.97,0.95,2021-08
20210806,24,False,False,27,128.25031630263987,185.0,191.0,P90,0.97,0.95,2021-08
20210807,24,False,False,26,56.946542355002684,185.0,191.0,P90,0.97,0.95,2021-08
20210808,24,False,False,26,59.34322120996365,185.0,191.0,P90,0.97,0.95,2021-08
20210809,24,True,True,215,199.07108053213764,185.0,191.0,P90,0.97,0.95,2021-08
20210810,24,True,True,195,197.86451551718574,185.0,191.0,P90,0.97,0.95,2021-08
20210811,24,True,True,218,204.61082838167007,185.0,191.0,P90,0.97,0.95,2021-08
20210812,24,True,True,199,207.98329724434964,185.0,191.0,P90,0.97,0.95,2021-08
20210813,24,True,True,207,194.80945537773866,185.0,191.0,P90,0.97,0.95,2021-08
20210814,24,False,False,108,119.39937005358634,185.0,191.0,P90,0.97,0.95,2021-08
20210815,24,False,False,28,27.541174921017276,185.0,191.0,P90,0.97,0.95,2021-08
20210816,24,False,True,190,188.82478283268642,185.0,191.0,P90,0.97,0.95,2021-08
20210817,24,True,False,173,192.28461029970796,185.0,191.0,P90,0.97,0.95,2021-08
20210818,24,True,True,188,194.59788363968366,185.0,191.0,P90,0.97,0.95,2021-08
20210819,24,True,True,188,197.58891198853954,185.0,191.0,P90,0.97,0.95,2021-08
20210820,24,True,True,193,196.81285149151324,185.0,191.0,P90,0.97,0.95,2021-08
20210821,24,False,False,110,122.41532939725978,185.0,191.0,P90,0.97,0.95,2021-08
20210822,24,False,False,27,30.50414421172186,185.0,191.0,P90,0.97,0.95,2021-08
20210823,24,True,True,196,192.68836031073667,185.0,191.0,P90,0.97,0.95,2021-08
20210824,24,True,True,201,196.02277940968952,185.0,191.0,P90,0.97,0.95,2021-08
20210825,24,True,True,189,198.93777425484066,185.0,191.0,P90,0.97,0.95,2021-08
20210826,24,True,True,202,205.45750879870835,185.0,191.0,P90,0.97,0.95,2021-08
20210827,24,True,True,190,208.10365178664168,185.0,191.0,P90,0.97,0.95,2021-08
20210830,24,True,True,186,198.58187302984345,185.0,191.0,P90,0.97,0.95,2021-08
20210831,24,True,True,187,196.63076600859918,185.0,191.0,P90,0.97,0.95,2021-08
20210901,24,True,True,198,199.39123357830022,186.0,192.0,P90,0.97,0.95,2021-09
20210902,24,True,True,198,199.73640790300013,186.0,192.0,P90,0.97,0.95,2021-09
20210903,24,False,True,190,191.89298364339243,186.0,192.0,P90,0.97,0.95,2021-09
20210904,24,False,False,116,121.49062031366417,186.0,192.0,P90,0.97,0.95,2021-09
20210905,24,False,False,28,27.271441604809226,186.0,192.0,P90,0.97,0.95,2021-09
20210906,24,False,True,190,189.29284411507646,186.0,192.0,P90,0.97,0.95,2021-09
20210907,24,True,True,192,192.02907076870466,186.0,192.0,P90,0.97,0.95,2021-09
20210909,24,True,True,190,197.55238294251464,186.0,192.0,P90,0.97,0.95,2021-09
20210910,24,True,True,204,194.00315406310378,186.0,192.0,P90,0.97,0.95,2021-09
20210911,24,False,False,107,114.59717693418327,186.0,192.0,P90,0.97,0.95,2021-09
20210912,24,False,False,28,27.88871145957887,186.0,192.0,P90,0.97,0.95,2021-09
20210913,24,False,True,196,190.97473726257206,186.0,192.0,P90,0.97,0.95,2021-09
20210914,24,True,False,184,193.14139753895256,186.0,192.0,P90,0.97,0.95,2021-09
20210505,24,False,False,120,177.58553634515008,181.0,189.0,P90,0.98,0.95,2021-05
20210511,24,False,True,185,187.45705341691655,181.0,189.0,P90,0.98,0.95,2021-05
20210512,24,False,True,184,120.51034637547946,181.0,189.0,P90,0.98,0.95,2021-05
20210513,24,False,False,176,184.92189019056596,181.0,189.0,P90,0.98,0.95,2021-05
20210514,24,False,False,157,187.21512035620984,181.0,189.0,P90,0.98,0.95,2021-05
20210515,24,False,False,105,113.75771612712019,181.0,189.0,P90,0.98,0.95,2021-05
20210517,24,False,True,192,184.7327807719355,181.0,189.0,P90,0.98,0.95,2021-05
20210519,24,False,False,108,176.02144084756353,181.0,189.0,P90,0.98,0.95,2021-05
20210520,24,False,True,181,184.8954046493458,181.0,189.0,P90,0.98,0.95,2021-05
20210521,24,False,False,160,174.59033360409535,181.0,189.0,P90,0.98,0.95,2021-05
20210523,24,False,False,25,41.46872598101373,181.0,189.0,P90,0.98,0.95,2021-05
20210526,24,False,False,166,138.3707019114676,181.0,189.0,P90,0.98,0.95,2021-05
20210529,24,False,False,107,114.99875655555701,181.0,189.0,P90,0.98,0.95,2021-05
20210531,24,False,False,172,181.879969763854,181.0,189.0,P90,0.98,0.95,2021-05
20210620,24,False,False,28,31.786085243138874,181.0,188.0,P90,0.98,0.95,2021-06
20210627,24,False,False,31,32.06151882261978,181.0,188.0,P90,0.98,0.95,2021-06
20210701,24,False,True,206,188.7603186140274,182.0,189.0,P90,0.98,0.95,2021-07
20210702,24,False,True,187,188.48361091958554,182.0,189.0,P90,0.98,0.95,2021-07
20210703,24,False,False,112,132.09969066037186,182.0,189.0,P90,0.98,0.95,2021-07
20210704,24,False,False,28,33.62770881554194,182.0,189.0,P90,0.98,0.95,2021-07
20210705,24,True,True,185,199.7743849944378,182.0,189.0,P90,0.98,0.95,2021-07
20210706,24,True,True,193,194.3027839063714,182.0,189.0,P90,0.98,0.95,2021-07
20210707,24,False,True,203,186.71236197518456,182.0,189.0,P90,0.98,0.95,2021-07
20210708,24,True,True,201,193.27730551050004,182.0,189.0,P90,0.98,0.95,2021-07
20210709,24,False,True,192,187.56988270539867,182.0,189.0,P90,0.98,0.95,2021-07
20210710,24,False,False,106,116.25392412784545,182.0,189.0,P90,0.98,0.95,2021-07
20210711,24,False,False,28,33.18235331074544,182.0,189.0,P90,0.98,0.95,2021-07
20210712,24,True,True,198,201.16313743187712,182.0,189.0,P90,0.98,0.95,2021-07
20210714,24,True,True,195,190.65812001476138,182.0,189.0,P90,0.98,0.95,2021-07
20210716,24,False,True,197,183.9914485011186,182.0,189.0,P90,0.98,0.95,2021-07
20210717,24,False,False,110,120.48677912962141,182.0,189.0,P90,0.98,0.95,2021-07
20210718,24,False,False,28,33.464869323675345,182.0,189.0,P90,0.98,0.95,2021-07
20210719,24,True,True,222,203.13652765024358,182.0,189.0,P90,0.98,0.95,2021-07
20210720,24,False,True,201,185.21167635392044,182.0,189.0,P90,0.98,0.95,2021-07
20210721,24,True,True,214,189.35910996656153,182.0,189.0,P90,0.98,0.95,2021-07
20210722,24,False,True,213,187.7764212863386,182.0,189.0,P90,0.98,0.95,2021-07
20210723,24,True,True,206,191.98144726125932,182.0,189.0,P90,0.98,0.95,2021-07
20210724,24,False,False,104,125.16312278735602,182.0,189.0,P90,0.98,0.95,2021-07
20210725,24,False,False,29,33.45272551681628,182.0,189.0,P90,0.98,0.95,2021-07
20210726,24,True,True,217,202.31167497332595,182.0,189.0,P90,0.98,0.95,2021-07
20210727,24,True,True,211,192.05474435505735,182.0,189.0,P90,0.98,0.95,2021-07
20210729,24,False,True,211,186.46129539393147,182.0,189.0,P90,0.98,0.95,2021-07
20210731,24,False,False,28,49.135494369687336,182.0,189.0,P90,0.98,0.95,2021-07
20210801,24,False,False,28,60.17570938029821,185.0,194.0,P90,0.98,0.95,2021-08
20210802,24,False,False,26,121.08001002417465,185.0,194.0,P90,0.98,0.95,2021-08
20210803,24,False,False,26,120.15001259620891,185.0,194.0,P90,0.98,0.95,2021-08
20210804,24,False,False,26,121.59356343034113,185.0,194.0,P90,0.98,0.95,2021-08
20210805,24,False,False,26,122.26844264935751,185.0,194.0,P90,0.98,0.95,2021-08
20210806,24,False,False,27,128.25031630263987,185.0,194.0,P90,0.98,0.95,2021-08
20210807,24,False,False,26,56.946542355002684,185.0,194.0,P90,0.98,0.95,2021-08
20210808,24,False,False,26,59.34322120996365,185.0,194.0,P90,0.98,0.95,2021-08
20210809,24,True,True,215,199.07108053213764,185.0,194.0,P90,0.98,0.95,2021-08
20210810,24,True,True,195,197.86451551718574,185.0,194.0,P90,0.98,0.95,2021-08
20210811,24,True,True,218,204.61082838167007,185.0,194.0,P90,0.98,0.95,2021-08
20210812,24,True,True,199,207.98329724434964,185.0,194.0,P90,0.98,0.95,2021-08
20210813,24,True,True,207,194.80945537773866,185.0,194.0,P90,0.98,0.95,2021-08
20210814,24,False,False,108,119.39937005358634,185.0,194.0,P90,0.98,0.95,2021-08
20210815,24,False,False,28,27.541174921017276,185.0,194.0,P90,0.98,0.95,2021-08
20210816,24,False,True,190,188.82478283268642,185.0,194.0,P90,0.98,0.95,2021-08
20210817,24,False,False,173,192.28461029970796,185.0,194.0,P90,0.98,0.95,2021-08
20210818,24,True,True,188,194.59788363968366,185.0,194.0,P90,0.98,0.95,2021-08
20210819,24,True,True,188,197.58891198853954,185.0,194.0,P90,0.98,0.95,2021-08
20210820,24,True,True,193,196.81285149151324,185.0,194.0,P90,0.98,0.95,2021-08
20210821,24,False,False,110,122.41532939725978,185.0,194.0,P90,0.98,0.95,2021-08
20210822,24,False,False,27,30.50414421172186,185.0,194.0,P90,0.98,0.95,2021-08
20210823,24,False,True,196,192.68836031073667,185.0,194.0,P90,0.98,0.95,2021-08
20210824,24,True,True,201,196.02277940968952,185.0,194.0,P90,0.98,0.95,2021-08
20210825,24,True,True,189,198.93777425484066,185.0,194.0,P90,0.98,0.95,2021-08
20210826,24,True,True,202,205.45750879870835,185.0,194.0,P90,0.98,0.95,2021-08
20210827,24,True,True,190,208.10365178664168,185.0,194.0,P90,0.98,0.95,2021-08
20210830,24,True,True,186,198.58187302984345,185.0,194.0,P90,0.98,0.95,2021-08
20210831,24,True,True,187,196.63076600859918,185.0,194.0,P90,0.98,0.95,2021-08
20210901,24,True,True,198,199.39123357830022,186.0,195.0,P90,0.98,0.95,2021-09
20210902,24,True,True,198,199.73640790300013,186.0,195.0,P90,0.98,0.95,2021-09
20210903,24,False,True,190,191.89298364339243,186.0,195.0,P90,0.98,0.95,2021-09
20210904,24,False,False,116,121.49062031366417,186.0,195.0,P90,0.98,0.95,2021-09
20210905,24,False,False,28,27.271441604809226,186.0,195.0,P90,0.98,0.95,2021-09
20210906,24,False,True,190,189.29284411507646,186.0,195.0,P90,0.98,0.95,2021-09
20210907,24,False,True,192,192.02907076870466,186.0,195.0,P90,0.98,0.95,2021-09
20210909,24,True,True,190,197.55238294251464,186.0,195.0,P90,0.98,0.95,2021-09
20210910,24,False,True,204,194.00315406310378,186.0,195.0,P90,0.98,0.95,2021-09
20210911,24,False,False,107,114.59717693418327,186.0,195.0,P90,0.98,0.95,2021-09
20210912,24,False,False,28,27.88871145957887,186.0,195.0,P90,0.98,0.95,2021-09
20210913,24,False,True,196,190.97473726257206,186.0,195.0,P90,0.98,0.95,2021-09
20210914,24,False,False,184,193.14139753895256,186.0,195.0,P90,0.98,0.95,2021-09
