시간,생산량_기존,생산량_제안,예측전력_기존,예측전력_제안,점예측_기존,실제전력
0,178.0,178.0,82.72,82.79,75.28,74
1,1160.0,1160.0,120.49,120.55,107.0,109
2,414.0,414.0,117.63,117.65,107.18,114
3,507.0,507.0,116.36,116.44,101.78,99
4,154.0,154.0,112.62,112.7,105.89,115
5,248.0,248.0,98.88,98.95,91.67,92
6,88.0,88.0,114.94,114.91,107.05,116
7,1747.0,1747.0,140.69,140.81,134.03,124
8,829.0,829.0,175.67,175.58,172.01,180
9,1338.0,1338.0,177.79,177.83,175.88,182
10,806.0,806.0,179.99,179.89,177.06,185
11,1677.0,1677.0,185.89,186.79,183.71,174
12,36.0,514.6,118.83,121.94,110.06,117
13,1498.0,0.0,187.2,152.98,184.28,182
14,2107.0,2107.0,183.51,183.84,180.68,184
15,1155.0,1155.0,176.41,176.33,172.83,173
16,1460.0,1574.8,175.31,173.76,170.8,176
17,437.0,1341.6,150.2,154.21,141.78,139
18,1288.0,1288.0,173.24,173.42,164.91,163
19,1332.0,1332.0,157.2,157.17,147.55,152
20,379.0,379.0,125.58,125.32,119.78,129
21,386.0,386.0,126.27,126.06,115.39,131
22,120.0,120.0,116.87,116.58,109.8,119
23,294.0,294.0,111.87,111.71,106.16,114
