날짜,prediction_cutoff,mode,feature_equal,prediction_max_delta,reference_is_off_changed
20210505,2021-05-05,deleted,True,0.0,False
20210505,2021-05-05,changed,True,0.0,False
20210511,2021-05-11,deleted,True,0.0,False
20210511,2021-05-11,changed,True,0.0,False
20210512,2021-05-12,deleted,True,0.0,False
20210512,2021-05-12,changed,True,0.0,False
20210513,2021-05-13,deleted,True,0.0,False
20210513,2021-05-13,changed,True,0.0,False
20210514,2021-05-14,deleted,True,0.0,False
20210514,2021-05-14,changed,True,0.0,False
20210515,2021-05-15,deleted,True,0.0,False
20210515,2021-05-15,changed,True,0.0,False
20210517,2021-05-17,deleted,True,0.0,False
20210517,2021-05-17,changed,True,0.0,False
20210519,2021-05-19,deleted,True,0.0,False
20210519,2021-05-19,changed,True,0.0,False
20210520,2021-05-20,deleted,True,0.0,False
20210520,2021-05-20,changed,True,0.0,False
20210521,2021-05-21,deleted,True,0.0,False
20210521,2021-05-21,changed,True,0.0,False
20210523,2021-05-23,deleted,True,0.0,True
20210523,2021-05-23,changed,True,0.0,True
20210526,2021-05-26,deleted,True,0.0,False
20210526,2021-05-26,changed,True,0.0,False
20210529,2021-05-29,deleted,True,0.0,False
20210529,2021-05-29,changed,True,0.0,False
20210531,2021-05-31,deleted,True,0.0,False
20210531,2021-05-31,changed,True,0.0,False
20210620,2021-06-20,deleted,True,0.0,True
20210620,2021-06-20,changed,True,0.0,True
20210627,2021-06-27,deleted,True,0.0,True
20210627,2021-06-27,changed,True,0.0,True
20210701,2021-07-01,deleted,True,0.0,False
20210701,2021-07-01,changed,True,0.0,False
20210702,2021-07-02,deleted,True,0.0,False
20210702,2021-07-02,changed,True,0.0,False
20210703,2021-07-03,deleted,True,0.0,False
20210703,2021-07-03,changed,True,0.0,False
20210704,2021-07-04,deleted,True,0.0,True
20210704,2021-07-04,changed,True,0.0,True
20210705,2021-07-05,deleted,True,0.0,False
20210705,2021-07-05,changed,True,0.0,False
20210706,2021-07-06,deleted,True,0.0,False
20210706,2021-07-06,changed,True,0.0,False
20210707,2021-07-07,deleted,True,0.0,False
20210707,2021-07-07,changed,True,0.0,False
20210708,2021-07-08,deleted,True,0.0,False
20210708,2021-07-08,changed,True,0.0,False
20210709,2021-07-09,deleted,True,0.0,False
20210709,2021-07-09,changed,True,0.0,False
20210710,2021-07-10,deleted,True,0.0,False
20210710,2021-07-10,changed,True,0.0,False
20210711,2021-07-11,deleted,True,0.0,True
20210711,2021-07-11,changed,True,0.0,True
20210712,2021-07-12,deleted,True,0.0,False
20210712,2021-07-12,changed,True,0.0,False
20210714,2021-07-14,deleted,True,0.0,False
20210714,2021-07-14,changed,True,0.0,False
20210716,2021-07-16,deleted,True,0.0,False
20210716,2021-07-16,changed,True,0.0,False
20210717,2021-07-17,deleted,True,0.0,False
20210717,2021-07-17,changed,True,0.0,False
20210718,2021-07-18,deleted,True,0.0,True
20210718,2021-07-18,changed,True,0.0,True
20210719,2021-07-19,deleted,True,0.0,False
20210719,2021-07-19,changed,True,0.0,False
20210720,2021-07-20,deleted,True,0.0,False
20210720,2021-07-20,changed,True,0.0,False
20210721,2021-07-21,deleted,True,0.0,False
20210721,2021-07-21,changed,True,0.0,False
20210722,2021-07-22,deleted,True,0.0,False
20210722,2021-07-22,changed,True,0.0,False
20210723,2021-07-23,deleted,True,0.0,False
20210723,2021-07-23,changed,True,0.0,False
20210724,2021-07-24,deleted,True,0.0,False
20210724,2021-07-24,changed,True,0.0,False
20210725,2021-07-25,deleted,True,0.0,True
20210725,2021-07-25,changed,True,0.0,True
20210726,2021-07-26,deleted,True,0.0,False
20210726,2021-07-26,changed,True,0.0,False
20210727,2021-07-27,deleted,True,0.0,False
20210727,2021-07-27,changed,True,0.0,False
20210729,2021-07-29,deleted,True,0.0,False
20210729,2021-07-29,changed,True,0.0,False
20210731,2021-07-31,deleted,True,0.0,True
20210731,2021-07-31,changed,True,0.0,True
20210801,2021-08-01,deleted,True,0.0,True
20210801,2021-08-01,changed,True,0.0,True
20210802,2021-08-02,deleted,True,0.0,True
20210802,2021-08-02,changed,True,0.0,True
20210803,2021-08-03,deleted,True,0.0,True
20210803,2021-08-03,changed,True,0.0,True
20210804,2021-08-04,deleted,True,0.0,True
20210804,2021-08-04,changed,True,0.0,True
20210805,2021-08-05,deleted,True,0.0,True
20210805,2021-08-05,changed,True,0.0,True
20210806,2021-08-06,deleted,True,0.0,True
20210806,2021-08-06,changed,True,0.0,True
20210807,2021-08-07,deleted,True,0.0,True
20210807,2021-08-07,changed,True,0.0,True
20210808,2021-08-08,deleted,True,0.0,True
20210808,2021-08-08,changed,True,0.0,True
20210809,2021-08-09,deleted,True,0.0,False
20210809,2021-08-09,changed,True,0.0,False
20210810,2021-08-10,deleted,True,0.0,False
20210810,2021-08-10,changed,True,0.0,False
20210811,2021-08-11,deleted,True,0.0,False
20210811,2021-08-11,changed,True,0.0,False
20210812,2021-08-12,deleted,True,0.0,False
20210812,2021-08-12,changed,True,0.0,False
20210813,2021-08-13,deleted,True,0.0,False
20210813,2021-08-13,changed,True,0.0,False
20210814,2021-08-14,deleted,True,0.0,False
20210814,2021-08-14,changed,True,0.0,False
20210815,2021-08-15,deleted,True,0.0,True
20210815,2021-08-15,changed,True,0.0,True
20210816,2021-08-16,deleted,True,0.0,False
20210816,2021-08-16,changed,True,0.0,False
20210817,2021-08-17,deleted,True,0.0,False
20210817,2021-08-17,changed,True,0.0,False
20210818,2021-08-18,deleted,True,0.0,False
20210818,2021-08-18,changed,True,0.0,False
20210819,2021-08-19,deleted,True,0.0,False
20210819,2021-08-19,changed,True,0.0,False
20210820,2021-08-20,deleted,True,0.0,False
20210820,2021-08-20,changed,True,0.0,False
20210821,2021-08-21,deleted,True,0.0,False
20210821,2021-08-21,changed,True,0.0,False
20210822,2021-08-22,deleted,True,0.0,True
20210822,2021-08-22,changed,True,0.0,True
20210823,2021-08-23,deleted,True,0.0,False
20210823,2021-08-23,changed,True,0.0,False
20210824,2021-08-24,deleted,True,0.0,False
20210824,2021-08-24,changed,True,0.0,False
20210825,2021-08-25,deleted,True,0.0,False
20210825,2021-08-25,changed,True,0.0,False
20210826,2021-08-26,deleted,True,0.0,False
20210826,2021-08-26,changed,True,0.0,False
20210827,2021-08-27,deleted,True,0.0,False
20210827,2021-08-27,changed,True,0.0,False
20210828,2021-08-28,deleted,True,0.0,False
20210828,2021-08-28,changed,True,0.0,False
20210829,2021-08-29,deleted,True,0.0,True
20210829,2021-08-29,changed,True,0.0,True
20210830,2021-08-30,deleted,True,0.0,False
20210830,2021-08-30,changed,True,0.0,False
20210831,2021-08-31,deleted,True,0.0,False
20210831,2021-08-31,changed,True,0.0,False
20210901,2021-09-01,deleted,True,0.0,False
20210901,2021-09-01,changed,True,0.0,False
20210902,2021-09-02,deleted,True,0.0,False
20210902,2021-09-02,changed,True,0.0,False
20210903,2021-09-03,deleted,True,0.0,False
20210903,2021-09-03,changed,True,0.0,False
20210904,2021-09-04,deleted,True,0.0,False
20210904,2021-09-04,changed,True,0.0,False
20210905,2021-09-05,deleted,True,0.0,True
20210905,2021-09-05,changed,True,0.0,True
20210906,2021-09-06,deleted,True,0.0,False
20210906,2021-09-06,changed,True,0.0,False
20210907,2021-09-07,deleted,True,0.0,False
20210907,2021-09-07,changed,True,0.0,False
20210908,2021-09-08,deleted,True,0.0,False
20210908,2021-09-08,changed,True,0.0,False
20210909,2021-09-09,deleted,True,0.0,False
20210909,2021-09-09,changed,True,0.0,False
20210910,2021-09-10,deleted,True,0.0,False
20210910,2021-09-10,changed,True,0.0,False
20210911,2021-09-11,deleted,True,0.0,False
20210911,2021-09-11,changed,True,0.0,False
20210912,2021-09-12,deleted,True,0.0,True
20210912,2021-09-12,changed,True,0.0,True
20210913,2021-09-13,deleted,True,0.0,False
20210913,2021-09-13,changed,True,0.0,False
20210914,2021-09-14,deleted,True,0.0,False
20210914,2021-09-14,changed,True,0.0,False
