protocol,model,seed,period,n,MAE,RMSE,bias,peak_n,peakMAE,peak_bias,peak_under_pct,coverage_pct,pinball_90,active_complete_days,daily_max_MAE,daily_max_bias,incomplete_active_days,MAE_seed_std
reference,L1,0,ALL,2092.0,8.699655946016815,16.308714164051786,-0.277779700710056,189.0,16.510458847954528,15.963357991238102,93.65079365079364,49.282982791586996,4.238716092724385,65.0,14.237673849439341,8.501800180137218,2.0,
reference,L1,0,CORE(7 to 9월),1708.0,7.018197913989827,10.786522464723515,1.145515031166605,184.0,16.533297106441932,15.971329378619078,93.47826086956522,49.824355971896956,3.967304969461555,52.0,13.773021214968132,10.143263934705924,2.0,
reference,L1,0,2021-05,336.0,18.293183263981547,32.62127485243368,-7.705698567727957,5.0,15.67001093561808,15.67001093561808,100.0,49.702380952380956,6.064312204899591,13.0,16.096284387324182,1.9359451618624086,0.0,
reference,L1,0,2021-06,48.0,1.3768463598907168,1.7087221999536228,1.0720814924707396,0.0,,,,27.083333333333332,1.1172557769336542,0.0,,,0.0,
reference,L1,0,2021-07,648.0,8.397492551317711,13.190407143370129,2.6111403813773637,103.0,22.552395540217816,22.432535348891598,98.05825242718447,47.68518518518518,5.2432024282098,22.0,22.35359439880198,18.940112240964922,0.0,
reference,L1,0,2021-08,725.0,6.531352955601347,9.641628489615652,-0.11714487898958521,57.0,8.436813109142143,6.8393313159350395,82.45614035087719,56.137931034482754,3.21881852620484,19.0,7.430311203957552,3.1297546572317607,1.0,
reference,L1,0,2021-09,335.0,5.403808868745579,7.448130802272331,1.0431365473656093,24.0,9.93048248840744,9.93048248840744,100.0,40.298507462686565,3.1191590533190325,11.0,7.567464866318709,4.663810619643291,1.0,
reference,L1,1,ALL,2092.0,8.724370490770173,16.21338815205199,0.12723685926836323,189.0,16.930030789102208,16.5844922607058,94.17989417989418,46.22370936902486,4.413079989092433,65.0,13.996488233653093,8.251317255587352,2.0,
reference,L1,1,CORE(7 to 9월),1708.0,7.200653552074148,10.89000502242882,1.5505749698557556,184.0,16.98355141302214,16.628623250701917,94.02173913043478,46.95550351288056,4.220556763979377,52.0,13.766438791159995,9.976320442300388,2.0,
reference,L1,1,2021-05,336.0,17.511597700722113,32.146449586143305,-7.265499608747676,5.0,14.960471828848773,14.960471828848773,100.0,45.535714285714285,5.849599006861987,13.0,14.916686003625475,1.3513045087352122,0.0,
reference,L1,1,2021-06,48.0,1.432707756373538,1.8048703925074947,1.2292777003126039,0.0,,,,25.0,1.2080649583118106,0.0,,,0.0,
reference,L1,1,2021-07,648.0,8.222347324710531,13.167054215454689,3.4443006835622567,103.0,23.077344563932982,23.01670031021938,98.05825242718447,45.83333333333333,5.488893935780169,22.0,22.400450149274693,18.367679911863526,0.0,
reference,L1,1,2021-08,725.0,7.102640078741784,9.933306510262415,0.1887284122218365,57.0,9.099526323458202,8.063378538643821,84.21052631578947,51.86206896551724,3.6268114042596262,19.0,7.507136323846899,3.317147627896396,1.0,
reference,L1,1,2021-09,335.0,5.436481025201277,7.466284654446594,0.8347674826998719,24.0,9.55558206141078,9.55558206141078,100.0,38.50746268656716,3.0521475056805873,11.0,7.309938518471389,4.695809091690086,1.0,
reference,L1,2,ALL,2092.0,8.8733638111655,16.474412798424318,-0.7287081690401438,189.0,16.125119190657987,15.526372040537586,90.47619047619048,51.625239005736134,4.145198637966693,65.0,13.511353455311848,7.466522018424007,2.0,
reference,L1,2,CORE(7 to 9월),1708.0,7.234068557296545,10.81380202107371,0.7170041191211881,184.0,16.091932365942814,15.476914912830013,90.21739130434783,52.40046838407494,3.9038359262967472,52.0,12.838653753643431,9.02518745828231,2.0,
reference,L1,2,2021-05,336.0,18.265585223841214,33.08959604456826,-8.357857546799423,5.0,17.34639434017637,17.34639434017637,100.0,51.488095238095234,5.789649593200837,13.0,16.202152261985518,1.2318602589907903,0.0,
reference,L1,2,2021-06,48.0,1.4594033726059383,1.8126403211176876,1.232075221534093,0.0,,,,25.0,1.2225317749166065,0.0,,,0.0,
reference,L1,2,2021-07,648.0,8.4084372526339,13.090183912969193,3.310948235753445,103.0,22.000258792593453,21.89139207060801,97.0873786407767,44.598765432098766,5.528597920618328,22.0,21.095125896605165,17.49511384625329,0.0,
reference,L1,2,2021-08,725.0,6.999948831324742,9.841313237605121,-1.7068543564295642,57.0,8.162547816941354,6.373952395743911,73.68421052631578,65.79310344827586,2.8172326730905453,19.0,6.422529801414737,1.5587139214409471,1.0,
reference,L1,2,2021-09,335.0,5.469130905806844,7.426586609950834,0.9451283197080332,24.0,9.567653088778956,9.567653088778956,100.0,38.50746268656716,3.112616780786635,11.0,7.408105385205908,4.981970791429984,1.0,
reference,L1,ensemble,ALL,2092.0,8.549659416867572,16.160372632272182,-0.2930836701606122,189.0,16.48035381853001,16.024740764160494,93.12169312169311,48.42256214149139,4.15759624036954,65.0,14.0170357128129,8.325533275908889,2.0,
reference,L1,ensemble,CORE(7 to 9월),1708.0,6.925303141818862,10.580495578634117,1.1376980400478496,184.0,16.49361635794076,16.025622514050337,92.93478260869566,49.414519906323186,3.917730786928571,52.0,13.62025766421476,9.976476792817673,2.0,
reference,L1,ensemble,2021-05,336.0,17.82527798056112,32.503931944073614,-7.776351907758353,5.0,15.992292368214411,15.992292368214411,100.0,46.726190476190474,5.802098227177218,13.0,15.604147907205455,1.7217592082737514,0.0,
reference,L1,ensemble,2021-06,48.0,1.4203402581625806,1.7714702075104725,1.1778114714391459,0.0,,,,25.0,1.1812947176569488,0.0,,,0.0,
reference,L1,ensemble,2021-07,648.0,8.19440071599741,12.971125541552905,3.1221297668976877,103.0,22.53342715741591,22.44687590990632,98.05825242718447,45.370370370370374,5.346052264757781,22.0,22.16328439121203,18.625764226966442,0.0,
reference,L1,ensemble,2021-08,725.0,6.498168759241976,9.393160506824007,-0.5450902743991043,57.0,8.44653809716638,7.092220750107591,80.7017543859649,57.51724137931035,3.0310482698613463,19.0,7.24317296260421,2.8998328896537178,1.0,
reference,L1,ensemble,2021-09,335.0,5.394847020327943,7.37308689260387,0.9410107832578382,24.0,9.684572546199057,9.684572546199057,100.0,39.701492537313435,3.0738278234671075,11.0,7.549168694820266,4.901195939076049,1.0,
reference,P90,0,ALL,2092.0,15.967706443267637,28.15192740902339,-12.549035027353016,189.0,9.221064902516197,7.285016315848535,78.3068783068783,79.63671128107075,2.9642392106926128,65.0,11.64620969142687,2.235143283303634,2.0,
reference,P90,0,CORE(7 to 9월),1708.0,14.439148832031233,24.725955317452733,-11.762917119983342,184.0,8.935118678948825,6.946460076339107,77.71739130434783,80.44496487119439,2.5144075680222793,52.0,9.651780633617758,3.3988179218429257,2.0,
reference,P90,0,2021-05,336.0,25.621585806409808,42.71440711316476,-17.994627592636693,5.0,19.743885929795514,19.743885929795514,100.0,75.29761904761905,5.612941866150227,13.0,19.62392592266332,-2.4195552708535315,0.0,
reference,P90,0,2021-06,48.0,2.7817259011012703,3.849021200162808,-2.4025826076048538,0.0,,,,81.25,0.42982990750869393,0.0,,,0.0,
reference,P90,0,2021-07,648.0,11.069862981004272,13.936093581882169,-6.901422805664407,103.0,11.492969547878468,10.118910827030907,86.40776699029125,75.92592592592592,2.7743623682363725,22.0,13.967680359903836,8.724728084347987,0.0,
reference,P90,0,2021-08,725.0,20.878055454644937,34.99826799011543,-19.051219629093197,57.0,6.141214753769758,2.7334822674590713,64.91228070175438,84.82758620689656,2.818539875685188,19.0,6.697902544857743,0.20541943143480074,1.0,
reference,P90,0,2021-09,335.0,7.021506832241786,9.516148830572524,-5.393451438114755,24.0,4.59319718875938,3.3371812340435327,70.83333333333334,79.70149253731343,1.3533728408749912,11.0,6.122134243449263,-1.7371322833713456,1.0,
reference,P90,1,ALL,2092.0,15.637770129846793,27.762431133099273,-12.589318365518242,189.0,8.265459714148452,6.452462264102823,76.19047619047619,79.06309751434034,2.7831577187160983,65.0,11.237511210499774,0.5765742599024422,2.0,
reference,P90,1,CORE(7 to 9월),1708.0,14.296284081518342,24.551925360347536,-11.788544520022906,184.0,8.077019488908883,6.214755803807666,75.54347826086956,80.56206088992974,2.432724232750008,52.0,9.554143679772048,1.9831191695445156,2.0,
reference,P90,1,2021-05,336.0,24.252027697503593,41.625526033221085,-18.09555306055484,5.0,15.200060002964614,15.200060002964614,100.0,72.02380952380952,4.887792624529861,13.0,17.970981333410673,-5.049605378665851,0.0,
reference,P90,1,2021-06,48.0,3.072512375936553,3.6942965253936966,-2.5398781691378236,0.0,,,,75.0,0.5203049203131473,0.0,,,0.0,
reference,P90,1,2021-07,648.0,10.081824446002873,12.876652343112603,-6.708290335538839,103.0,9.62807995676924,8.372927062674282,81.55339805825243,78.5493827160494,2.3575960887859018,22.0,13.300863183201768,6.454241772479029,0.0,
reference,P90,1,2021-08,725.0,21.371773604892137,35.06190517726545,-19.332640510972897,57.0,6.410928112009376,2.996758750634993,61.40350877192983,83.3103448275862,2.9528305980569103,19.0,6.859852129786529,-1.204882141747364,1.0,
reference,P90,1,2021-09,335.0,7.135806288587056,9.598535110059974,-5.288649350192852,24.0,5.3773520011445255,4.59534715245687,83.33333333333334,78.50746268656717,1.4524434042163876,11.0,6.714480986523964,-1.4525783168203568,1.0,
reference,P90,2,ALL,2092.0,15.251611360846388,26.9572233084142,-11.87674896757597,189.0,7.610444702243139,5.4533905144468635,71.42857142857143,78.58508604206502,2.8751060933928065,65.0,10.904766645760265,0.3049119712034466,2.0,
reference,P90,2,CORE(7 to 9월),1708.0,13.630891503136459,23.089613718654668,-11.290892519388292,184.0,7.380435421978395,5.1695147536057915,71.19565217391305,81.0304449648712,2.299088743812912,52.0,8.583903566028061,1.2303168998251672,2.0,
reference,P90,2,2021-05,336.0,25.358771529251943,42.581634307421155,-16.406253127378392,5.0,16.074786215985807,15.900018513398356,80.0,69.64285714285714,6.116884513674615,13.0,20.188218964689067,-3.3967077432834376,0.0,
reference,P90,2,2021-06,48.0,2.172105118852579,2.955322951385835,-1.0169451303038652,0.0,,,,54.166666666666664,0.6792745073047436,0.0,,,0.0,
reference,P90,2,2021-07,648.0,9.950945540186254,13.158114424223442,-6.825209284743858,103.0,8.591411802417284,6.590824908291148,74.75728155339806,77.77777777777779,2.2453890561955836,22.0,11.38078855028322,4.900740700581463,0.0,
reference,P90,2,2021-08,725.0,19.966197099375556,32.537569774400225,-17.996409216382816,57.0,6.564923443571439,3.615303025694289,64.91228070175438,83.58620689655173,2.784534863134652,19.0,6.279249966206548,-0.5832500253411282,1.0,
reference,P90,2,2021-09,335.0,7.038379344086864,9.595027640473505,-5.417051118578035,24.0,4.12016940464467,2.76097819353762,70.83333333333334,81.7910447761194,1.352369224612217,11.0,6.970898906300354,-2.9780060127638226,1.0,
reference,P90,ensemble,ALL,2092.0,15.512200391572634,27.492022420369032,-12.338367453482409,189.0,8.218171176230642,6.396956364799408,77.77777777777779,79.25430210325047,2.8207532143933536,65.0,11.34197644393398,1.3603745807038732,2.0,
reference,P90,ensemble,CORE(7 to 9월),1708.0,14.047626797171333,23.99355493220487,-11.614118053131515,184.0,7.980947888934751,6.110243544584187,77.17391304347827,80.73770491803278,2.3781661773330605,52.0,9.247347003783615,2.474571223056418,2.0,
reference,P90,ensemble,2021-05,336.0,24.8584671070024,42.17014739690228,-17.498811260189974,5.0,16.947988148719492,16.947988148719492,100.0,71.42857142857143,5.42970904942521,13.0,19.720494204535438,-3.0964119887063033,0.0,
reference,P90,ensemble,2021-06,48.0,2.2027437843439874,2.7446422802837054,-1.986468635682181,0.0,,,,81.25,0.3067844378991212,0.0,,,0.0,
reference,P90,ensemble,2021-07,648.0,10.24285928632945,13.121013543381194,-6.811640808649034,103.0,9.723204411066037,8.360887599332113,82.52427184466019,77.62345679012346,2.3967733197051113,22.0,13.07870562436625,6.889329790476409,0.0,
reference,P90,ensemble,2021-08,725.0,20.686542600703884,34.0699300815078,-18.793423118816307,57.0,6.230381791635587,3.1151813479294495,66.66666666666666,84.13793103448276,2.8259020528254224,19.0,6.418943558782243,-0.21632716479388883,1.0,
reference,P90,ensemble,2021-09,335.0,7.039493631393531,9.48970446268466,-5.36638396896188,24.0,4.661358129206825,3.564502193346011,79.16666666666666,79.40298507462687,1.3731932281120125,11.0,6.470053894893442,-1.70703051458758,1.0,
d1,L1,0,ALL,2092.0,9.254239283162796,17.71442102103724,-0.3774976867886027,189.0,16.699823991248618,16.35053224267748,94.70899470899471,51.52963671128107,4.476120566865956,65.0,14.310032187806074,8.34080932004441,2.0,
d1,L1,0,CORE(7 to 9월),1708.0,7.154145517538383,10.753237646788788,0.5619297649028466,184.0,16.44833473907885,16.089551366905233,94.56521739130434,53.33723653395784,3.80184466473033,52.0,13.454797687428568,9.918500081838102,2.0,
d1,L1,0,2021-05,336.0,21.045228486010963,36.95297101701557,-5.384300391652375,5.0,25.954628471096193,25.954628471096193,100.0,46.42857142857143,8.36889408634453,13.0,17.73097018931611,2.0300462728696456,0.0,
d1,L1,0,2021-06,48.0,1.4456513566942861,1.8028591834957377,1.2421610912370755,0.0,,,,22.916666666666664,1.2196901148419732,0.0,,,0.0,
d1,L1,0,2021-07,648.0,8.147796369505008,12.839502543720547,2.981928047550074,103.0,22.031797018667863,21.918136384477165,98.05825242718447,47.22222222222222,5.266669403772534,22.0,21.54541278580502,17.98443058707382,0.0,
d1,L1,0,2021-08,725.0,6.953252701471065,9.895392898633926,-1.8179842501796275,57.0,8.894568944611594,7.941777801483478,85.96491228070175,64.96551724137932,2.7494326506636813,19.0,7.256280092776197,3.4647246931339115,1.0,
d1,L1,0,2021-09,335.0,5.666866531193406,7.6653707354446485,1.031418641856251,24.0,10.426169551035722,10.426169551035722,100.0,40.0,3.246000722339203,11.0,7.980097881438846,4.934069288219362,1.0,
d1,L1,1,ALL,2092.0,9.006578831172245,17.296759940774333,-0.18083079519960363,189.0,16.680672116474554,16.379261644582936,95.23809523809523,49.80879541108987,4.430957097506281,65.0,14.100219765433716,8.330547036060842,2.0,
d1,L1,1,CORE(7 to 9월),1708.0,6.935533665744977,10.456145787815956,0.9273896200923526,184.0,16.484739795471647,16.175138821626454,95.1086956521739,51.405152224824356,3.8387226809094304,52.0,13.33966286339835,9.664255498177464,2.0,
d1,L1,1,2021-05,336.0,20.615433125875867,36.14585717060725,-6.0119519060222615,5.0,23.89098152938152,23.89098152938152,100.0,45.535714285714285,7.902935800529029,13.0,17.14244737357518,2.9957131875943497,0.0,
d1,L1,1,2021-06,48.0,1.4392892380338465,1.7744091548206966,1.2028405364202277,0.0,,,,22.916666666666664,1.2007808335850145,0.0,,,0.0,
d1,L1,1,2021-07,648.0,8.089972437814044,12.41643457221043,2.6546736642632975,103.0,21.34525368101768,21.183292805282477,98.05825242718447,47.68518518518518,5.106855684612341,22.0,20.972690602220208,17.111937513020074,0.0,
d1,L1,1,2021-08,725.0,6.631758773113922,9.75220969318337,-0.7403682006589485,57.0,10.539559316097273,9.832811790013233,87.71929824561403,60.55172413793104,3.0197321062933815,19.0,8.288338143500209,4.092801566348517,1.0,
d1,L1,1,2021-09,335.0,5.359893286212922,7.306713572228476,1.1955817377697286,24.0,9.744838008517396,9.744838008517396,100.0,38.80597014925373,3.158179338214352,11.0,6.79862281103324,4.392311896196793,1.0,
d1,L1,2,ALL,2092.0,8.929888054196834,17.157753892290255,-0.3898260021337265,189.0,16.144570106911328,15.795321679668444,93.65079365079364,47.89674952198853,4.3090136262449255,65.0,13.563788751654547,7.671128784753651,2.0,
d1,L1,2,CORE(7 to 9월),1708.0,7.042685747973867,10.57273210122854,0.6907846509494058,184.0,15.953297064697916,15.594558191062566,93.47826086956522,48.82903981264637,3.797656734366696,52.0,12.786157976682846,9.061077781429265,2.0,
d1,L1,2,2021-05,336.0,19.611597195506572,35.55706555521646,-6.085533330160909,5.0,23.183418060364872,23.183418060364872,100.0,46.13095238095239,7.371585265688923,13.0,16.674311851541344,2.111332798051205,0.0,
d1,L1,2,2021-06,48.0,1.3108727947959056,1.6427914051099908,1.0283962218484446,0.0,,,,27.083333333333332,1.0667948861373306,0.0,,,0.0,
d1,L1,2,2021-07,648.0,7.979039881894174,12.354481417296554,2.6152048416978455,103.0,21.479582535955267,21.36184736253855,98.05825242718447,47.376543209876544,5.035601877626226,22.0,20.570341503210965,17.469058707399267,0.0,
d1,L1,2,2021-08,725.0,6.9264403955524285,10.062975448983208,-1.1191248464338024,57.0,8.546036968396187,7.600752233536845,82.45614035087719,54.48275862068965,3.015570259202694,19.0,6.770217136600754,1.9428233502770689,1.0,
d1,L1,2,2021-09,335.0,5.4830451561087425,7.451825415268086,0.8852924181071262,24.0,9.828564645935055,9.828564645935055,100.0,39.40298507462687,3.0956395452972223,11.0,7.60896146558658,4.540282674206678,1.0,
d1,L1,ensemble,ALL,2092.0,8.91941835777888,17.279549057002978,-0.31605149470731153,189.0,16.497157944036097,16.175038522309624,93.65079365079364,49.95219885277247,4.333288581006516,65.0,14.052398926309358,8.317077392431948,2.0,
d1,L1,ensemble,CORE(7 to 9월),1708.0,6.8964695504646185,10.443876291505013,0.726701345314868,184.0,16.283955460080172,15.953082793198083,93.47826086956522,51.69789227166276,3.7389153133582567,52.0,13.268331139545069,9.725830548302355,2.0,
d1,L1,ensemble,2021-05,336.0,20.27802096601409,36.11288297638693,-5.827261875945181,5.0,24.343009353614185,24.343009353614185,100.0,44.642857142857146,7.808105732628971,13.0,17.18867007336652,2.682064768950317,0.0,
d1,L1,ensemble,2021-06,48.0,1.39246182706491,1.736669425855563,1.1577992831685824,0.0,,,,25.0,1.159350626799888,0.0,,,0.0,
d1,L1,ensemble,2021-07,648.0,7.955231419293206,12.428796890476535,2.7506021845037387,103.0,21.618877745213606,21.487758850766063,98.05825242718447,47.839506172839506,5.077856583448099,22.0,21.111805513247557,17.73656925608002,0.0,
d1,L1,ensemble,2021-08,725.0,6.615085312506164,9.673027876791403,-1.2258257657574598,57.0,9.289593320242899,8.458447275011185,82.45614035087719,61.10344827586207,2.817212349950098,19.0,7.542143920426604,3.3803287135578706,1.0,
d1,L1,ensemble,2021-09,335.0,5.457442331118216,7.403735517774022,1.0374309325777016,24.0,9.999857401829388,9.999857401829388,100.0,38.80597014925373,3.1436935385901887,11.0,7.472069406981077,4.664765392760222,1.0,
d1,P90,0,ALL,2092.0,15.844747108334865,27.81084875954525,-12.59629859439395,189.0,7.660101547010913,5.188972604996009,68.25396825396825,80.30592734225621,2.883854116409853,65.0,11.34431708967315,0.6934679890206636,2.0,
d1,P90,0,CORE(7 to 9월),1708.0,13.979417879360968,23.49460186449574,-11.768821940080935,184.0,7.350677011158031,4.812397826153593,67.3913043478261,81.85011709601874,2.2821801636481096,52.0,8.542744811678338,1.9364328362348393,2.0,
d1,P90,0,2021-05,336.0,27.301190887479237,44.81682974479409,-18.41186028852475,5.0,19.04692446639697,19.04692446639697,100.0,74.40476190476191,6.285851328329719,13.0,22.55060620165239,-4.27839139983604,0.0,
d1,P90,0,2021-06,48.0,2.0242723853122233,2.744267041826534,-1.3317443514498437,0.0,,,,66.66666666666666,0.47943845207617425,0.0,,,0.0,
d1,P90,0,2021-07,648.0,10.31108910753397,13.528587392587257,-7.257874862058461,103.0,8.903126979185057,7.326573472882746,79.6116504854369,79.93827160493827,2.2523946089436,22.0,10.958297677556713,5.706479464972872,0.0,
d1,P90,0,2021-08,725.0,20.479535232481677,33.11009659634845,-18.760872226832518,57.0,5.628162326883636,0.6793165970778791,47.368421052631575,84.41379310344827,2.735418725507828,19.0,6.96272915542901,-0.40214992160517676,1.0,
d1,P90,0,2021-09,335.0,7.007752097663599,9.369544885235559,-5.362425667435151,24.0,4.779051606860402,3.8384619279957968,62.5,80.0,1.3589057818577397,11.0,6.440757031624968,-1.5642902031539256,1.0,
d1,P90,1,ALL,2092.0,16.390047765153234,29.559098623144173,-13.123986651566216,189.0,8.455469648788304,5.549166962790394,71.95767195767195,79.92351816443595,2.9454292219501297,65.0,11.497070594483791,0.3056908904821564,2.0,
d1,P90,1,CORE(7 to 9월),1708.0,14.972048831792014,26.406021368596463,-12.601473500194187,184.0,8.15630644444192,5.1710281419766755,71.19565217391305,81.55737704918032,2.4454350158183327,52.0,9.436406923917923,1.783985894841337,2.0,
d1,P90,1,2021-05,336.0,25.63817160890549,43.52539779735145,-17.51330072112765,5.0,19.464675568735238,19.464675568735238,100.0,73.51190476190477,5.813765516001685,13.0,19.73972527674727,-5.607489126954566,0.0,
d1,P90,1,2021-06,48.0,2.110309570990839,2.796288198571308,-0.9915478009575915,0.0,,,,66.66666666666666,0.6585356651123827,0.0,,,0.0,
d1,P90,1,2021-07,648.0,10.570261857822304,13.993507108909306,-6.86185750672585,103.0,10.057922309977373,8.510333317345067,81.55339805825243,76.5432098765432,2.5403879262208116,22.0,13.296046458235805,6.607549276426207,0.0,
d1,P90,1,2021-08,725.0,22.476346710573463,37.75115712874268,-20.781873107345458,57.0,6.244149063535325,-0.15817713942950873,50.877192982456144,85.51724137931035,2.925424112348548,19.0,6.528460506553622,-1.9337810326503204,1.0,
d1,P90,1,2021-09,335.0,7.2459055393019245,9.592735325059769,-5.999925585516001,24.0,4.536578801172106,3.4967059743603492,75.0,82.68656716417911,1.2229825354445614,11.0,6.739944394365946,-1.44154344811554,1.0,
d1,P90,2,ALL,2092.0,15.9633809288852,28.358941477867088,-12.571365108194794,189.0,8.338766876427517,5.960627325980831,72.4867724867725,79.49330783938815,2.953144421164684,65.0,11.192589612197088,0.6063546696694553,2.0,
d1,P90,2,CORE(7 to 9월),1708.0,14.086941923320644,24.17920970447482,-11.62232093659487,184.0,8.073281833638076,5.630518925842295,71.73913043478261,80.21077283372365,2.394542587022373,52.0,8.744053622251256,1.793500894127182,2.0,
d1,P90,2,2021-05,336.0,27.50365861749164,45.105876830102176,-18.992110910232803,5.0,18.10861645107898,18.10861645107898,100.0,77.38095238095238,6.154984944652697,13.0,20.986733571980423,-4.142230228161451,0.0,
d1,P90,2,2021-06,48.0,1.9513917233124076,2.4476968743933094,-1.396299600025954,0.0,,,,68.75,0.41717602164582224,0.0,,,0.0,
d1,P90,2,2021-07,648.0,10.164791176407924,13.060797139588518,-6.594824539504592,103.0,9.656647035470385,8.069724746099775,80.58252427184466,76.85185185185185,2.444465772402125,22.0,11.647826891000038,6.467753670011175,0.0,
d1,P90,2,2021-08,725.0,20.81708629657718,34.385932093801,-18.841404385169636,57.0,6.702785903183998,2.2394615249606353,56.14035087719298,83.03448275862068,2.871981394220734,19.0,6.81534485992282,-1.223288278539675,1.0,
d1,P90,2,2021-09,335.0,7.108431515524981,9.585754513822874,-5.72376023539426,24.0,4.53293401060284,3.216021940997887,70.83333333333334,80.59701492537313,1.2647116636047866,11.0,6.267913128775527,-2.344186995761686,1.0,
d1,P90,ensemble,ALL,2092.0,15.957566807145204,28.435647005657863,-12.763883451384986,189.0,8.034606860051683,5.566255631255746,71.95767195767195,80.06692160611854,2.8732300230186056,65.0,11.317588618441523,0.8512086036105433,2.0,
d1,P90,ensemble,CORE(7 to 9월),1708.0,14.2480343835996,24.576128435418255,-11.997538792289998,184.0,7.740074288438855,5.204648297990856,71.19565217391305,81.08899297423888,2.325001674883801,52.0,8.895096768660723,2.086540097253176,2.0,
d1,P90,ensemble,2021-05,336.0,26.663878863524502,44.31087117186851,-18.3057573066284,5.0,18.873405495403738,18.873405495403738,100.0,75.59523809523809,6.009636509110891,13.0,21.007556017564717,-4.090117370959988,0.0,
d1,P90,ensemble,2021-06,48.0,1.844244483654417,2.2051323388482094,-1.2398639174777961,0.0,,,,75.0,0.4261766748360902,0.0,,,0.0,
d1,P90,ensemble,2021-07,648.0,10.264279308494045,13.402996708176845,-6.9048523027629685,103.0,9.486717347548717,7.968877178775862,81.55339805825243,77.77777777777779,2.370198733141834,22.0,12.117220345481082,6.460591989395213,0.0,
d1,P90,ensemble,2021-08,725.0,21.152695819080023,34.94923133849762,-19.46138323978254,57.0,5.955357186057321,0.9202003275363371,52.63157894736842,84.55172413793105,2.791794613626993,19.0,6.678321089559998,-0.8521169172407482,1.0,
d1,P90,ensemble,2021-09,335.0,7.011000795376012,9.407991658401624,-5.695370496115136,24.0,4.482767611248513,3.517063281118014,70.83333333333334,80.0,1.2273521992419516,11.0,6.27982578801217,-1.585701571086849,1.0,
reference,L1,seed_metric_mean,ALL,2092.0,8.765796749317497,16.332171704842697,-0.29308367016061215,189.0,16.52186960923824,16.024740764160494,92.76895943562609,49.043977055449325,4.265664906594504,65.0,13.915171846134761,8.073213151382859,2.0,0.09397184033821332
reference,L1,seed_metric_mean,CORE(7 to 9월),1708.0,7.1509733411201735,10.83010983607535,1.1376980400478496,184.0,16.53626029513563,16.025622514050337,92.57246376811594,49.72677595628415,4.030565886579226,52.0,13.459371253257187,9.714923945096208,2.0,0.11619434659542498
reference,L1,seed_metric_mean,2021-05,336.0,18.023455396181625,32.61910682771508,-7.776351907758351,5.0,15.992292368214407,15.992292368214407,100.0,48.90873015873016,5.9011869349874715,13.0,15.73837421764506,1.5063699765294702,0.0,0.44349649181897505
reference,L1,seed_metric_mean,2021-06,48.0,1.4229858296233975,1.775410971192935,1.1778114714391454,0.0,,,,25.694444444444443,1.1826175033873572,0.0,,,0.0,0.04212839875804251
reference,L1,seed_metric_mean,2021-07,648.0,8.342759042887382,13.149215090598004,3.122129766897688,103.0,22.543332965581417,22.44687590990633,97.73462783171522,46.039094650205755,5.420231428202766,22.0,21.949723481560614,18.267635333027247,0.0,0.10442309623570338
reference,L1,seed_metric_mean,2021-08,725.0,6.87798062188929,9.805416079161063,-0.5450902743991043,57.0,8.566295749847233,7.0922207501075905,80.11695906432747,57.93103448275861,3.2209542011850036,19.0,7.119992443073063,2.6685387355230348,1.0,0.3045479064961481
reference,L1,seed_metric_mean,2021-09,335.0,5.4364735999179,7.447000688889919,0.9410107832578382,24.0,9.684572546199059,9.684572546199059,100.0,39.1044776119403,3.0946411132620852,11.0,7.428502923332002,4.780530167587787,1.0,0.03266101916366713
reference,P90,seed_metric_mean,ALL,2092.0,15.619029311320274,27.623860616845622,-12.33836745348241,189.0,8.365656439635929,6.396956364799407,75.30864197530865,79.09496494582537,2.8741676742671722,65.0,11.262829182562305,1.0388765048031743,2.0,0.358415199839874
reference,P90,seed_metric_mean,CORE(7 to 9월),1708.0,14.122108138895344,24.122498132151645,-11.614118053131513,184.0,8.1308578632787,6.110243544584189,74.81884057971014,80.6791569086651,2.4154068481950666,52.0,9.263275959805956,2.2040846637375364,2.0,0.4313617063086216
reference,P90,seed_metric_mean,2021-05,336.0,25.077461677721782,42.307189151269,-17.498811260189974,5.0,17.006244049581976,16.947988148719492,93.33333333333333,72.32142857142857,5.5392063347849,13.0,19.26104207358769,-3.6219561309342736,0.0,0.7268244477476209
reference,P90,seed_metric_mean,2021-06,48.0,2.675447798630134,3.4995468923141133,-1.986468635682181,0.0,,,,70.13888888888889,0.543136445042195,0.0,,,0.0,0.45951559652640783
reference,P90,seed_metric_mean,2021-07,648.0,10.3675443223978,13.32362011640607,-6.8116408086490345,103.0,9.904153769021663,8.360887599332113,80.90614886731392,77.41769547325104,2.459115837739286,22.0,12.883110697796274,6.693236852469493,0.0,0.6117360097844785
reference,P90,seed_metric_mean,2021-08,725.0,20.73867538630421,34.19924764726037,-18.793423118816303,57.0,6.372355436450191,3.115181347929451,63.74269005847953,83.9080459770115,2.8519684456255834,19.0,6.6123348802836075,-0.5275709118845638,1.0,0.7130788391216304
reference,P90,seed_metric_mean,2021-09,335.0,7.065230821638568,9.569903860368667,-5.36638396896188,24.0,4.696906198182859,3.5645021933460073,75.00000000000001,80.0,1.3860618232345319,11.0,6.602504712091194,-2.055905537651842,1.0,0.06169961762635442
d1,L1,seed_metric_mean,ALL,2092.0,9.063568722843959,17.389644951367277,-0.3160514947073109,189.0,16.508355404878166,16.17503852230962,94.5326278659612,49.745060548119824,4.405363763539054,65.0,13.991346901631445,8.114161713619636,2.0,0.16951936688030034
d1,L1,seed_metric_mean,CORE(7 to 9월),1708.0,7.044121643752409,10.594038511944428,0.7267013453148684,184.0,16.29545719974947,15.953082793198085,94.3840579710145,51.19047619047618,3.812741360002152,52.0,13.193539509169922,9.547944453814944,2.0,0.10931299915220774
d1,L1,seed_metric_mean,2021-05,336.0,20.424086269131134,36.2186312476131,-5.827261875945182,5.0,24.343009353614196,24.343009353614196,100.0,46.03174603174603,7.881138384187494,13.0,17.182576471477546,2.3790307528384003,0.0,0.7357206562057967
d1,L1,seed_metric_mean,2021-06,48.0,1.3986044631746795,1.740019914475475,1.1577992831685826,0.0,,,,24.305555555555554,1.1624219448547728,0.0,,,0.0,0.07604441705907636
d1,L1,seed_metric_mean,2021-07,648.0,8.072269563071075,12.53680617774251,2.750602184503739,103.0,21.618877745213606,21.487758850766067,98.05825242718447,47.42798353909465,5.136375655337034,22.0,21.029481630412064,17.521808935831054,0.0,0.08575973331529306
d1,L1,seed_metric_mean,2021-08,725.0,6.837150623379138,9.90352601360017,-1.2258257657574594,57.0,9.326721743035018,8.458447275011187,85.38011695906432,60.0,2.928245005386586,19.0,7.438278457625721,3.166783203253166,1.0,0.17837904600511678
d1,L1,seed_metric_mean,2021-09,335.0,5.503268324505023,7.474636574313737,1.037430932577702,24.0,9.99985740182939,9.99985740182939,100.0,39.40298507462686,3.166606535283593,11.0,7.462560719352889,4.622221286207611,1.0,0.15448260642690623
d1,P90,seed_metric_mean,ALL,2092.0,16.0660586007911,28.57629628685217,-12.763883451384986,189.0,8.151446024075577,5.566255631255745,70.8994708994709,79.90758444869344,2.927475919841555,65.0,11.344659098784675,0.5351711830574252,2.0,0.28678429143286044
d1,P90,seed_metric_mean,CORE(7 to 9월),1708.0,14.346136211491208,24.693277645855673,-11.997538792289996,184.0,7.86008842974601,5.204648297990855,70.10869565217392,81.20608899297423,2.374052588829605,52.0,8.907735119282506,1.8379732084011193,2.0,0.5447158077348458
d1,P90,seed_metric_mean,2021-05,336.0,26.814340371292122,44.48270145741591,-18.3057573066284,5.0,18.87340549540373,18.87340549540373,100.0,75.09920634920636,6.0848672629947,13.0,21.09235501679336,-4.676036918317352,0.0,1.0236102840606234
d1,P90,seed_metric_mean,2021-06,48.0,2.0286578932051564,2.662750704930384,-1.2398639174777963,0.0,,,,67.3611111111111,0.5183833796114597,0.0,,,0.0,0.0795496391399454
d1,P90,seed_metric_mean,2021-07,648.0,10.348714047254733,13.52763054702836,-6.9048523027629685,103.0,9.539232108210939,7.9688771787758625,80.58252427184466,77.77777777777777,2.412416102522179,22.0,11.967390342264187,6.260594137136752,0.0,0.20533715065327
d1,P90,seed_metric_mean,2021-08,725.0,21.25765607987744,35.08239527296404,-19.46138323978254,57.0,6.1916990978676525,0.9202003275363353,51.46198830409357,84.32183908045977,2.8442747440257037,19.0,6.7688448406351505,-1.186406410931724,1.0,1.068826609056728
d1,P90,seed_metric_mean,2021-09,335.0,7.120696384163502,9.516011574706068,-5.695370496115138,24.0,4.616188139545116,3.517063281118011,69.44444444444444,81.09452736318407,1.2821999936356958,11.0,6.48287151825548,-1.7833402156770506,1.0,0.11954951147154429
