dt,날짜,hour,pred,pred_hi,pred_max15,pred_max15_hi,pred_max15_환산,pred_hi_max15_환산,pred_hi_max15,alarm_threshold,alarm_basis,alarm_target,alarm,actual,actual_max15
2021-09-08 00:00:00,20210908,0,72.30024391766216,73.89298361659947,80.71584253126518,93.18788370206921,75.95274288296679,77.62594538240299,93.75272999804999,187.0,relative_q95,target_max15,False,72,78
2021-09-08 01:00:00,20210908,1,107.98396938558771,120.44561390694646,115.76877188732647,124.46761604056634,115.52965891199918,128.86209658054176,123.10716045925817,187.0,relative_q95,target_max15,False,110,115
2021-09-08 02:00:00,20210908,2,111.08528081349102,117.973455468757,119.135346456368,125.37906545750047,116.57142077710031,123.79977992824043,123.94097334649346,187.0,relative_q95,target_max15,False,118,126
2021-09-08 03:00:00,20210908,3,106.78173670209743,109.26871416782882,116.25907448264526,117.54258146077832,114.01049037242905,116.6658275974102,117.25683724553437,187.0,relative_q95,target_max15,False,112,122
2021-09-08 04:00:00,20210908,4,112.24401027745846,116.92332996438199,119.00130555590948,122.98445050214393,117.16209257748318,122.046441283519,122.16542357488925,187.0,relative_q95,target_max15,False,113,116
2021-09-08 05:00:00,20210908,5,94.94959663632676,103.0440707887651,114.32119011847487,115.71686536386515,109.58507735887402,118.9272294858794,116.55116012045295,187.0,relative_q95,target_max15,False,97,109
2021-09-08 06:00:00,20210908,6,112.32406537255001,118.61857629719329,118.76489367775092,123.57451746876416,118.55425266672617,125.19789609343565,123.9803110299958,187.0,relative_q95,target_max15,False,118,123
2021-09-08 07:00:00,20210908,7,131.48056702563798,142.3028055742077,150.2348668078293,161.4943062321531,170.04623284552255,184.04283278246254,159.1821922982531,187.0,relative_q95,target_max15,False,135,154
2021-09-08 08:00:00,20210908,8,176.50673366358828,180.35486317021096,187.9397039570924,195.17416296715726,188.564091699984,192.67509092420173,195.1975382977228,187.0,relative_q95,target_max15,True,171,181
2021-09-08 09:00:00,20210908,9,171.62284368390615,176.0745691630364,184.35944689859375,186.3386769484447,178.2212047239289,182.8440851107151,185.59679683498499,187.0,relative_q95,target_max15,False,160,163
2021-09-08 10:00:00,20210908,10,183.33423621420152,186.88594572872321,192.4695883115351,196.42617184642617,196.95857579750876,200.77422781140396,195.00069243184078,187.0,relative_q95,target_max15,True,152,160
2021-09-08 11:00:00,20210908,11,182.92055544524024,185.43245241975671,190.96577237918623,194.262722561068,192.15491407965922,194.79361887770835,192.74983941804092,187.0,relative_q95,target_max15,True,156,168
2021-09-08 12:00:00,20210908,12,112.5231599134225,119.86156048516614,127.42351280004398,134.22332643497367,129.6971262117506,138.1555579326348,134.2417063384008,187.0,relative_q95,target_max15,False,25,63
2021-09-08 13:00:00,20210908,13,176.7913838493411,181.68166143195398,185.61889007594002,193.11161611057312,185.7766769259891,190.9154992982247,191.88267740279386,187.0,relative_q95,target_max15,True,152,165
2021-09-08 14:00:00,20210908,14,177.2174544638431,181.34738149486705,187.22079115129802,190.60569261361442,184.73421620323234,189.03931603304855,190.8584783366564,187.0,relative_q95,target_max15,True,165,178
2021-09-08 15:00:00,20210908,15,170.6608678514731,175.86644561287187,184.55304461592527,190.4134464460899,186.24653938739044,191.9275186052874,188.79394883085388,187.0,relative_q95,target_max15,True,165,183
2021-09-08 16:00:00,20210908,16,169.37202568130655,173.5455032147643,178.45367871104725,187.13618091339433,176.83538391379506,181.19276523999628,186.05526451760565,187.0,relative_q95,target_max15,False,166,170
2021-09-08 17:00:00,20210908,17,142.61535443423853,152.64171522563944,164.0459906305126,177.47570809426892,167.72479591734347,179.51643871907845,178.9865310084078,187.0,relative_q95,target_max15,False,144,182
2021-09-08 18:00:00,20210908,18,163.62129073093067,172.62088402748978,173.81341391780904,183.32500605275186,172.22150479987587,181.6941320673693,183.30677666710505,187.0,relative_q95,target_max15,False,164,170
2021-09-08 19:00:00,20210908,19,148.07991049003033,161.08812852385276,160.38134286964768,172.5192634684863,159.54122564137046,173.5562736087714,173.19724364648448,187.0,relative_q95,target_max15,False,150,163
2021-09-08 20:00:00,20210908,20,125.23638243652523,133.17586158395932,133.1687791725276,139.71520764892878,131.12038834573985,139.43288962388954,137.42621656672054,187.0,relative_q95,target_max15,False,103,111
2021-09-08 21:00:00,20210908,21,121.77034846593375,134.14492359418296,129.07417251653806,135.69316790466124,127.44704696955489,140.39850089464133,135.0167442158781,187.0,relative_q95,target_max15,False,122,127
2021-09-08 22:00:00,20210908,22,116.60640300532187,120.78598205832907,122.31725269270817,128.700415979158,124.58597479524325,129.05156945498862,127.80319983786522,187.0,relative_q95,target_max15,False,106,116
2021-09-08 23:00:00,20210908,23,110.48507378618916,117.84059983090924,121.56937466442723,127.82259380007234,122.1626537537759,130.2956128095569,128.61519780799952,187.0,relative_q95,target_max15,False,101,111
2021-09-09 00:00:00,20210909,0,71.1465945371897,74.4673809845349,77.83136921949789,86.80914285740369,74.74081288074017,78.22936043656432,84.37284474925954,187.0,relative_q95,target_max15,False,72,79
2021-09-09 01:00:00,20210909,1,110.92842919210848,113.97300726789223,118.32262704797006,121.5774986922738,118.679871291327,121.9371979910917,121.09332092276911,187.0,relative_q95,target_max15,False,97,99
2021-09-09 02:00:00,20210909,2,111.24733177536355,115.74046413156081,119.35569790222162,123.73027717650196,116.74147490781355,121.45650842679859,120.50137111404081,187.0,relative_q95,target_max15,False,110,114
2021-09-09 03:00:00,20210909,3,108.64073472908876,110.11059912343141,118.78098747438179,117.52707163075426,115.99533612606153,117.56470524811934,116.39224429219813,187.0,relative_q95,target_max15,False,109,116
2021-09-09 04:00:00,20210909,4,111.95301247464785,115.48932498297074,116.87605931720566,123.5590241453881,116.85834441819644,120.5496039558668,121.02407169170203,187.0,relative_q95,target_max15,False,107,114
2021-09-09 05:00:00,20210909,5,99.57423745525091,104.09826861856813,115.12340368982272,116.51684927288555,114.92255787329799,120.14392081288945,115.4904992183455,187.0,relative_q95,target_max15,False,92,109
2021-09-09 06:00:00,20210909,6,110.83508180592348,118.0321270007989,117.56523778999627,124.73991986464081,116.98268086340019,124.57891869237413,124.62638380328868,187.0,relative_q95,target_max15,False,119,121
2021-09-09 07:00:00,20210909,7,133.94597377118242,146.18844179739625,152.95657962091255,166.32515343203522,173.23478868305574,189.06819749535182,164.17706472378867,187.0,relative_q95,target_max15,False,139,152
2021-09-09 08:00:00,20210909,8,177.84506825579652,181.29019040215147,190.8173502330723,194.15692694788666,189.99384931620847,193.67431132940888,195.10726637429937,187.0,relative_q95,target_max15,True,172,187
2021-09-09 09:00:00,20210909,9,175.28042774978505,181.10210023015043,187.51359405512142,189.3812770632178,182.0194114463427,188.06490900766855,188.2605589067982,187.0,relative_q95,target_max15,True,170,176
2021-09-09 10:00:00,20210909,10,180.883841999304,180.99466027131908,189.2464956614875,190.06903233566655,194.32608246361346,194.44513610836168,188.89735426913037,187.0,relative_q95,target_max15,True,155,169
2021-09-09 11:00:00,20210909,11,180.1713163477934,184.424271637879,188.70211214705367,191.15175340411687,189.26688544193465,193.73454221436162,191.18963075366923,187.0,relative_q95,target_max15,True,174,190
2021-09-09 12:00:00,20210909,12,113.87855397613488,118.60823716043281,131.7748749356111,131.95010128943431,131.25938872689434,136.7109448098151,131.2679885276956,187.0,relative_q95,target_max15,False,111,129
2021-09-09 13:00:00,20210909,13,181.33576145611764,183.15000393299132,188.63678225498268,192.5549262947621,190.5520192085252,192.4584692354043,190.49602197989734,187.0,relative_q95,target_max15,True,171,176
2021-09-09 14:00:00,20210909,14,186.47943756218055,191.7462745199664,196.89533246221427,197.71161926061257,194.3890506738857,199.87928300009992,199.1143949579225,187.0,relative_q95,target_max15,True,165,168
2021-09-09 15:00:00,20210909,15,176.10039100895787,178.75291342662237,189.0871273429847,191.63728292949267,192.1828291575843,195.0775942385133,191.93913532989936,187.0,relative_q95,target_max15,True,173,185
2021-09-09 16:00:00,20210909,16,175.9241541269937,178.38842155763095,183.7246444550185,190.52638050388123,183.67623112268254,186.2490862055104,189.4545991911685,187.0,relative_q95,target_max15,True,160,168
2021-09-09 17:00:00,20210909,17,135.666969267385,146.0010241389579,163.57658592368014,167.47579258322494,159.55304969346133,171.70656045118568,169.48889925416665,187.0,relative_q95,target_max15,False,140,168
2021-09-09 18:00:00,20210909,18,161.99013646246976,170.4628086901862,170.61971401603165,180.73172615016833,170.50461428141003,179.42262461010864,180.29142744286153,187.0,relative_q95,target_max15,False,162,172
2021-09-09 19:00:00,20210909,19,158.5215453765863,165.04332029373873,168.46542794998163,172.92901432530638,170.79103813779946,177.81759535407832,173.55355550722177,187.0,relative_q95,target_max15,False,142,158
2021-09-09 20:00:00,20210909,20,122.38662114185102,135.61837426457012,128.3303248660842,142.26836718986863,128.13673614834644,141.9901593644412,140.6667248332726,187.0,relative_q95,target_max15,False,128,134
2021-09-09 21:00:00,20210909,21,123.84436695079627,133.99725510280848,129.44482807821768,136.31605153414364,129.6177521911955,140.24394838335087,132.43685986466767,187.0,relative_q95,target_max15,False,128,134
2021-09-09 22:00:00,20210909,22,114.9961007752231,122.24487160937859,122.89960832440737,128.0652803327495,122.86547688191122,130.61029326561678,126.55453249078273,187.0,relative_q95,target_max15,False,109,118
2021-09-09 23:00:00,20210909,23,112.99255538876696,115.94099745632332,122.44567760064099,126.74373495734193,124.93516044913699,128.19523436743833,125.83158436055264,187.0,relative_q95,target_max15,False,109,116
2021-09-10 00:00:00,20210910,0,67.96361668261065,72.88811930338245,76.35347536698094,82.19206862582105,71.39703579934692,76.57031684398535,79.27854422161575,187.0,relative_q95,target_max15,False,77,83
2021-09-10 01:00:00,20210910,1,108.87236528684338,110.50869972105083,115.57283494958767,116.83601340600399,116.48013402450772,118.23081201982113,116.13544919281986,187.0,relative_q95,target_max15,False,102,109
2021-09-10 02:00:00,20210910,2,110.6148413318128,115.116409617346,116.63240285604373,121.69112573219839,116.0777478227064,120.80163389408239,120.22339152143253,187.0,relative_q95,target_max15,False,112,118
2021-09-10 03:00:00,20210910,3,110.00417600459188,112.21165997398059,116.64873487848577,119.4713511040535,117.45107765279647,119.80800063993065,118.54742765681881,187.0,relative_q95,target_max15,False,106,116
2021-09-10 04:00:00,20210910,4,109.43480200338354,112.51282250442809,116.16146992413378,118.77868006901998,114.22979606506344,117.44268307798582,117.36485229535958,187.0,relative_q95,target_max15,False,108,117
2021-09-10 05:00:00,20210910,5,96.81473459997493,102.73867208860725,112.00814607379237,115.25052585201438,111.73770670404345,118.5747567912319,112.02443094241791,187.0,relative_q95,target_max15,False,92,107
2021-09-10 06:00:00,20210910,6,109.7372747157895,114.02763538371876,115.70559735382494,122.29273290914807,115.82398260304615,120.35231320584298,121.44256529654983,187.0,relative_q95,target_max15,False,111,118
2021-09-10 07:00:00,20210910,7,130.64453944118267,139.02472204972435,147.85836014441668,156.17749084962884,168.9649830113638,179.80322713653715,152.9643405348339,187.0,relative_q95,target_max15,False,132,150
2021-09-10 08:00:00,20210910,8,169.55102527944533,177.794000811896,180.45894993951427,187.7277723713798,181.13323166216978,189.9392934022517,188.34326189826797,187.0,relative_q95,target_max15,True,180,192
2021-09-10 09:00:00,20210910,9,174.3224325941369,178.4713622550455,184.86148230052686,188.70390894751793,181.02458437615525,185.333027393472,188.70689946058266,187.0,relative_q95,target_max15,True,184,204
2021-09-10 10:00:00,20210910,10,172.80036570033988,174.72992207723306,182.81060921194103,186.22036511027008,185.64188898064216,187.71483882220832,185.36263464457556,187.0,relative_q95,target_max15,False,168,181
2021-09-10 11:00:00,20210910,11,181.4484930036297,186.1075226677511,191.311685357966,194.48365291339647,190.60853766887772,195.50276862408518,195.20644491402723,187.0,relative_q95,target_max15,True,181,188
2021-09-10 12:00:00,20210910,12,109.56345563485974,121.58132695244232,128.28046554428272,139.66105634225806,126.28569393717206,140.13780557598818,137.90525117375535,187.0,relative_q95,target_max15,False,116,128
2021-09-10 13:00:00,20210910,13,178.5739139311479,179.99865607232755,187.23409628731238,190.32303053715836,187.6498027984631,189.14695641931112,190.56394770399643,187.0,relative_q95,target_max15,True,180,191
2021-09-10 14:00:00,20210910,14,175.341270219839,178.03780782090166,184.88297325622577,188.68929200496973,182.77845272148306,185.58936523403406,188.44688213568818,187.0,relative_q95,target_max15,True,178,190
2021-09-10 15:00:00,20210910,15,163.7971921282822,172.21410114892885,182.47719140279082,187.13476472282528,178.7560357528133,187.94162233261582,185.95479636386827,187.0,relative_q95,target_max15,False,171,191
2021-09-10 16:00:00,20210910,16,165.55962624349942,171.18327217697876,175.55849293470774,179.00512319073678,172.85499154672326,178.72644277157465,181.69128233629397,187.0,relative_q95,target_max15,False,164,171
2021-09-10 17:00:00,20210910,17,136.13478502776124,150.3852062323583,154.32849113813825,179.2925230522773,160.1032310063171,176.8626395409665,177.18149318666102,187.0,relative_q95,target_max15,False,138,157
2021-09-10 18:00:00,20210910,18,156.15047280960508,166.67461170568723,166.75120555157866,178.27927458841563,164.35800794840316,175.43531353198233,177.20823933869005,187.0,relative_q95,target_max15,False,155,162
2021-09-10 19:00:00,20210910,19,140.3427992322548,149.3074768244298,152.84545950391828,160.3937922240317,151.2052656255636,160.8638050304184,158.7416194477919,187.0,relative_q95,target_max15,False,142,148
2021-09-10 20:00:00,20210910,20,115.03375630174219,121.49936246890665,122.85582454525589,132.5398330470584,120.43841019440524,127.20779122438589,130.35257082811003,187.0,relative_q95,target_max15,False,116,121
2021-09-10 21:00:00,20210910,21,111.67407256368942,115.70260076363336,117.6579914210754,122.08546431117527,116.88010218093179,121.09643258635938,120.48899457750218,187.0,relative_q95,target_max15,False,117,126
2021-09-10 22:00:00,20210910,22,109.71413162250667,110.65564104228766,118.04590089929393,120.46155277443977,117.22205371843754,118.22799220739824,119.47422976627945,187.0,relative_q95,target_max15,False,102,109
2021-09-10 23:00:00,20210910,23,106.1661780523949,107.81841203997915,116.6765500385252,120.93904887826905,117.38727780437665,119.21414257106974,118.90119725282075,187.0,relative_q95,target_max15,False,88,105
2021-09-11 00:00:00,20210911,0,53.302395917736646,64.49540029562799,60.496821041599986,70.33413131516619,55.99515233719641,67.75361036632933,66.84493422655841,187.0,relative_q95,target_max15,False,61,69
2021-09-11 01:00:00,20210911,1,97.45676746167034,106.09711908603263,102.38319936009532,109.61291612021405,104.26683856479458,113.5109595368427,109.03989627889005,187.0,relative_q95,target_max15,False,97,105
2021-09-11 02:00:00,20210911,2,97.23388982650476,104.00671340637409,105.23807419458836,110.38509853325053,102.03595473454598,109.14326599663471,109.11401131069722,187.0,relative_q95,target_max15,False,95,99
2021-09-11 03:00:00,20210911,3,94.98057586932669,104.43307223555273,100.69460936490164,107.02591309000867,101.41043183187837,111.50282945754714,108.0844414731298,187.0,relative_q95,target_max15,False,94,107
2021-09-11 04:00:00,20210911,4,104.16008034020716,105.69693413428685,110.87772693630454,111.22773102460583,108.72395725643672,110.32814981918393,110.64436135762368,187.0,relative_q95,target_max15,False,89,93
2021-09-11 05:00:00,20210911,5,89.36882888136904,94.2387271112611,105.15051466547237,106.89683343819327,103.14409300702506,108.76463478032618,103.28524520894389,187.0,relative_q95,target_max15,False,82,98
2021-09-11 06:00:00,20210911,6,104.91418934542871,109.10979957523115,112.56522585322743,115.68610604123437,110.73337909137267,115.16170381079345,115.54668764850344,187.0,relative_q95,target_max15,False,86,97
2021-09-11 07:00:00,20210911,7,66.87113176017269,83.31586263708505,91.34434701530897,102.87103077793097,86.48566323658025,107.75393579606896,102.77231489292126,187.0,relative_q95,target_max15,False,51,73
2021-09-11 08:00:00,20210911,8,41.760900924586444,46.725544671257296,44.282442960878846,53.09405960188315,44.613631378087895,49.917415088058135,50.41864879215998,187.0,relative_q95,target_max15,False,23,23
2021-09-11 09:00:00,20210911,9,24.867055649347417,32.947224753279635,27.37239362429001,37.76535306122445,25.82311608777563,34.213942397169255,35.13900471779886,187.0,relative_q95,target_max15,False,23,23
2021-09-11 10:00:00,20210911,10,25.31495063813482,33.343102499204804,27.950743257332984,38.01772441282484,27.196211286176794,35.820968939161084,35.446412716578976,187.0,relative_q95,target_max15,False,22,23
2021-09-11 11:00:00,20210911,11,26.34800035427472,37.39128693792407,29.321210301879717,42.05683407648251,27.67812360903385,39.27890723596445,39.06154689012049,187.0,relative_q95,target_max15,False,23,23
2021-09-11 12:00:00,20210911,12,25.823362783348923,41.39147781749826,29.08315773665713,43.74956030124912,29.76468084171099,47.70889589945274,41.2958872544053,187.0,relative_q95,target_max15,False,25,28
2021-09-11 13:00:00,20210911,13,25.954939591221745,36.79824443728415,29.029392022060645,41.73040717199271,27.274080456211877,38.668488358542774,38.89229330203755,187.0,relative_q95,target_max15,False,23,25
2021-09-11 14:00:00,20210911,14,26.299837880451765,35.8717208127564,29.265524929815967,41.27548655509239,27.41535788230493,37.393236734239146,38.23925415841996,187.0,relative_q95,target_max15,False,23,24
2021-09-11 15:00:00,20210911,15,25.909166379934316,36.07585464425508,28.680172850095246,40.27343399046018,28.275331289622503,39.37049639746707,36.93474235988695,187.0,relative_q95,target_max15,False,24,24
2021-09-11 16:00:00,20210911,16,30.565033841026302,33.70034352210095,33.51026785201864,38.222011451444814,31.911878433727484,35.185345164205785,35.40621212634926,187.0,relative_q95,target_max15,False,24,24
2021-09-11 17:00:00,20210911,17,28.75972345492704,32.06364936706033,32.722629008939684,42.069542055837694,33.82327776874224,37.708906364182866,41.51314518749845,187.0,relative_q95,target_max15,False,23,24
2021-09-11 18:00:00,20210911,18,28.198319580470415,28.855443425968403,32.02081581220135,33.97078667190722,29.680471345031275,30.372134740460968,37.46434267532634,187.0,relative_q95,target_max15,False,23,24
2021-09-11 19:00:00,20210911,19,27.668878860657546,29.703339716202567,30.62648493183006,31.776970700222336,29.81043701974085,32.00236418487036,32.10424228712635,187.0,relative_q95,target_max15,False,25,28
2021-09-11 20:00:00,20210911,20,27.94707320678228,30.070604721315636,30.96816027996033,35.22286384429923,29.26011611567743,31.48341793446922,36.38645701207362,187.0,relative_q95,target_max15,False,23,24
2021-09-11 21:00:00,20210911,21,27.60880086924638,29.64771333011286,30.225352341501974,32.149996221456824,28.895869852423925,31.029832475020488,32.75591687746344,187.0,relative_q95,target_max15,False,23,24
2021-09-11 22:00:00,20210911,22,27.9447739626733,30.807136077348233,30.001336900365022,33.20394962540697,29.857081728294883,32.915320084703794,33.86278291289608,187.0,relative_q95,target_max15,False,23,24
2021-09-11 23:00:00,20210911,23,27.738435906812438,31.31863490635943,30.553833003880637,32.402736022340044,30.670214765053757,34.62881836428442,34.03237326291454,187.0,relative_q95,target_max15,False,23,23
2021-09-12 00:00:00,20210912,0,22.5963495697284,23.852687079981155,22.66049885132871,25.638625451828887,23.73788297198201,25.057688752984966,23.133507469964012,187.0,relative_q95,target_max15,False,23,23
2021-09-12 01:00:00,20210912,1,22.532278438145358,24.20038216390527,22.936349456969648,27.03026997876425,24.106786009818236,25.89145326703613,24.26856402069542,187.0,relative_q95,target_max15,False,23,24
2021-09-12 02:00:00,20210912,2,22.47859465428303,23.958584254513838,22.664148369353597,26.898371084432522,23.588739180682417,25.141820643598297,24.28576657105778,187.0,relative_q95,target_max15,False,24,27
2021-09-12 03:00:00,20210912,3,22.57942633601645,24.08928238313409,23.084337298212365,27.144252044919842,24.10797528119628,25.72004335238619,24.51997025523732,187.0,relative_q95,target_max15,False,23,23
2021-09-12 04:00:00,20210912,4,22.57674451001665,24.08861444767889,23.093072078244706,27.157555497514238,23.565966895179344,25.144080909135507,24.50121675735869,187.0,relative_q95,target_max15,False,23,23
2021-09-12 05:00:00,20210912,5,22.42496769599677,24.123027508786933,22.970919262506694,27.08692874453821,25.88154038345714,27.841338239759057,24.46711325566926,187.0,relative_q95,target_max15,False,23,23
2021-09-12 06:00:00,20210912,6,22.463730897416866,24.14877837666536,22.946805784757768,26.932985007775702,23.70970833201817,25.48821896504834,24.570587643590752,187.0,relative_q95,target_max15,False,23,23
2021-09-12 07:00:00,20210912,7,22.48726056511896,23.900773562071993,23.05294223300609,26.602736559923898,29.083187216317082,30.911309543802776,25.160049180092994,187.0,relative_q95,target_max15,False,23,23
2021-09-12 08:00:00,20210912,8,22.739850962934586,24.467119062564905,23.279945991631337,26.640118761903434,24.293233766317922,26.13849334122975,25.189381160443265,187.0,relative_q95,target_max15,False,25,28
2021-09-12 09:00:00,20210912,9,22.907583957773607,24.83269057301646,23.022224389951187,26.979371566433418,23.78830884417868,25.78742978184649,25.082413638005296,187.0,relative_q95,target_max15,False,23,24
2021-09-12 10:00:00,20210912,10,22.987166736232563,24.725539692078097,23.336780816727124,27.17361795029878,24.69543995426164,26.562998729198842,25.472170606474496,187.0,relative_q95,target_max15,False,23,24
2021-09-12 11:00:00,20210912,11,23.400637484958242,25.161162286172242,23.634277079245862,27.260656445756357,24.581969338473314,26.43137052298731,25.786123928220892,187.0,relative_q95,target_max15,False,23,23
2021-09-12 12:00:00,20210912,12,22.769477737561882,25.56825827208394,23.172530187141064,28.01383197445657,26.244693360694892,29.470640734588343,26.306743761979252,187.0,relative_q95,target_max15,False,23,23
2021-09-12 13:00:00,20210912,13,23.010169552659377,25.26418167459605,23.192179770767154,26.99076327560655,24.17964462928528,26.548215272530758,25.33322348337155,187.0,relative_q95,target_max15,False,23,23
2021-09-12 14:00:00,20210912,14,23.136202220019324,24.959268888178368,23.25158274384935,27.18166976108383,24.117535126353875,26.017928025278575,25.358611183919383,187.0,relative_q95,target_max15,False,25,28
2021-09-12 15:00:00,20210912,15,23.124279206638004,24.462787797257146,23.28308204483972,26.71680824349619,25.236113189183826,26.69686160844107,25.179625291962054,187.0,relative_q95,target_max15,False,23,24
2021-09-12 16:00:00,20210912,16,23.064851350996864,24.2610624434864,23.464344923395256,26.78727154137067,24.081201291426165,25.330123283894686,25.33389151743047,187.0,relative_q95,target_max15,False,24,24
2021-09-12 17:00:00,20210912,17,22.69820386910912,23.728891227517703,23.135784107890043,26.517665557216873,26.694542300436908,27.906696682617255,25.069761912052545,187.0,relative_q95,target_max15,False,23,23
2021-09-12 18:00:00,20210912,18,22.807155593772524,23.843277804864936,23.12032243220372,26.58958445220993,24.005938585484405,25.09652114692106,24.788705623698664,187.0,relative_q95,target_max15,False,23,24
2021-09-12 19:00:00,20210912,19,22.91239499046389,23.943050706957624,23.18750204995121,26.497062498334145,24.685803543917697,25.796231526211525,25.023660231671727,187.0,relative_q95,target_max15,False,23,24
2021-09-12 20:00:00,20210912,20,22.95567887481256,24.51692413341763,23.22590156216,27.035428670537357,24.034210109279424,25.66880766494579,25.39245279001136,187.0,relative_q95,target_max15,False,23,24
2021-09-12 21:00:00,20210912,21,22.94026994905505,24.48625379239763,23.174953792421764,27.033872004667415,24.009701035793686,25.62775566057597,25.28501863985387,187.0,relative_q95,target_max15,False,25,28
2021-09-12 22:00:00,20210912,22,22.92895243962676,24.491979407044294,23.160389764455832,26.906108150204854,24.498019123309167,26.168006648420278,24.989436601230107,187.0,relative_q95,target_max15,False,23,24
2021-09-12 23:00:00,20210912,23,23.166757448947692,25.042093673765248,24.14261704180862,26.9285710132466,25.615338541659867,27.6888860540383,26.22301776334001,187.0,relative_q95,target_max15,False,23,24
2021-09-13 00:00:00,20210913,0,26.541754647041717,27.23435483874108,25.807595297525456,29.580420777661274,27.882603946196117,28.61019325199076,30.781805283042758,187.0,relative_q95,target_max15,False,23,23
2021-09-13 01:00:00,20210913,1,26.708348882959942,26.436285317798536,25.868174732955392,29.260428814668117,28.574671352680085,28.28359656570643,30.260616544076857,187.0,relative_q95,target_max15,False,23,23
2021-09-13 02:00:00,20210913,2,26.812155622763015,26.88907123586289,26.049553175412626,29.848900153621145,28.136320601195397,28.217034825738324,32.49409932388531,187.0,relative_q95,target_max15,False,23,23
2021-09-13 03:00:00,20210913,3,26.59560196893357,26.412402915862014,25.715113234335774,29.344365721956407,28.39603209196069,28.2004310976191,30.315888214208453,187.0,relative_q95,target_max15,False,24,25
2021-09-13 04:00:00,20210913,4,26.67402054258422,27.07337478525787,25.844547140904098,29.86287897176933,27.84276912860409,28.259621472312066,31.28271302050725,187.0,relative_q95,target_max15,False,24,28
2021-09-13 05:00:00,20210913,5,26.57701023984201,27.20456396831956,25.780718172983853,29.548358760515544,30.673576574062054,31.397861103099764,30.808683395250835,187.0,relative_q95,target_max15,False,23,23
2021-09-13 06:00:00,20210913,6,44.542456785394556,36.020116335256795,55.210649685651596,42.05209774652075,47.013056895845814,38.018014740931015,42.16764528298622,187.0,relative_q95,target_max15,False,23,24
2021-09-13 07:00:00,20210913,7,76.79651111892726,71.09172080733742,109.07484197409049,121.40618165408857,99.32233870657436,91.94422859034458,114.84799764110922,187.0,relative_q95,target_max15,False,63,111
2021-09-13 08:00:00,20210913,8,171.44437069033916,178.3718934472771,184.04418169214227,192.00596939869612,183.15591346172073,190.5566624829035,190.04299945936245,187.0,relative_q95,target_max15,True,185,196
2021-09-13 09:00:00,20210913,9,169.96349307067513,175.83934349857068,180.2798561250518,186.67774479320624,176.498057274548,182.59981575587165,184.6566124540424,187.0,relative_q95,target_max15,False,183,188
2021-09-13 10:00:00,20210913,10,169.98380099884398,175.0836922718428,178.55960212657237,186.21737368144682,182.6160134884072,188.09489917061228,183.97744352187388,187.0,relative_q95,target_max15,False,177,189
2021-09-13 11:00:00,20210913,11,171.93923203569412,175.64096581166962,179.489970085579,184.78713660964368,180.61922170705444,184.50782970923868,183.94441111806813,187.0,relative_q95,target_max15,False,182,191
2021-09-13 12:00:00,20210913,12,108.72656572325383,117.11097646967812,124.801316986134,131.45796911867396,125.32107281762292,134.98516312247077,131.15606170004457,187.0,relative_q95,target_max15,False,117,130
2021-09-13 13:00:00,20210913,13,172.0595786472592,175.65661985462327,181.98260636551836,187.49328285366747,180.8043811773852,184.58423937929516,185.97367521328485,187.0,relative_q95,target_max15,False,184,191
2021-09-13 14:00:00,20210913,14,170.6961415187766,174.617307777685,179.5645893631582,185.16874850874981,177.93629870031143,182.02378307160845,184.46561693012833,187.0,relative_q95,target_max15,False,180,182
2021-09-13 15:00:00,20210913,15,160.9009116596346,168.9251894546389,172.93721350427157,180.13507556597847,175.59525132008457,184.35234947162624,179.98483686321512,187.0,relative_q95,target_max15,False,168,177
2021-09-13 16:00:00,20210913,16,157.84325564695158,169.3421562900894,166.026322945337,184.15316710745822,164.79859999461902,176.80419833139496,180.03866272329105,187.0,relative_q95,target_max15,False,175,182
2021-09-13 17:00:00,20210913,17,133.21639775390557,141.36090892434564,158.8805427251826,167.08923263960958,156.67102055564698,166.24948761010765,164.6733539877875,187.0,relative_q95,target_max15,False,132,160
2021-09-13 18:00:00,20210913,18,152.8795508297226,168.34434495180824,162.49923686624825,181.68068064749662,160.91516073126004,177.19281080496395,181.1855324340769,187.0,relative_q95,target_max15,False,145,162
2021-09-13 19:00:00,20210913,19,135.40410132412725,149.50071255620927,151.35441617634712,166.6937764366975,145.88431483130856,161.07199711659527,162.4867864294308,187.0,relative_q95,target_max15,False,148,162
2021-09-13 20:00:00,20210913,20,118.86093546145571,126.6846479063601,127.26607126254544,135.23271928289157,124.44540247514045,132.6366979607091,134.68133041408854,187.0,relative_q95,target_max15,False,121,126
2021-09-13 21:00:00,20210913,21,120.81810386410795,125.18640082913875,128.00279078042195,134.58041855311794,126.45041056320224,131.02234909744232,135.52503600513492,187.0,relative_q95,target_max15,False,123,131
2021-09-13 22:00:00,20210913,22,111.23979330664672,114.39010877414091,118.90115565166637,123.13795175435668,118.85211899124819,122.21801583151334,123.30755617006174,187.0,relative_q95,target_max15,False,110,122
2021-09-13 23:00:00,20210913,23,105.47152405935951,111.56960889617436,118.47793074111199,123.90052510628215,116.61920323718142,123.36181742887402,121.61400555514956,187.0,relative_q95,target_max15,False,108,123
2021-09-14 00:00:00,20210914,0,71.97309031402189,75.92190572321682,76.29461252476024,83.62998104997213,75.60906197410536,79.75736556500947,79.2803142653392,187.0,relative_q95,target_max15,False,70,72
2021-09-14 01:00:00,20210914,1,110.92707677922004,113.28136627751378,118.99508143052475,121.27709362602116,118.67842437470968,121.1972266030919,119.9500569718737,187.0,relative_q95,target_max15,False,110,116
2021-09-14 02:00:00,20210914,2,108.78914378332381,119.16258147118361,116.0082532377201,124.1877657835849,114.16188502271982,125.04763298825654,122.65196981413824,187.0,relative_q95,target_max15,False,112,115
2021-09-14 03:00:00,20210914,3,110.25636747039543,112.61540563102967,118.63316582938451,121.04737153713138,117.72034160721425,120.23907847933988,120.93584147973554,187.0,relative_q95,target_max15,False,105,114
2021-09-14 04:00:00,20210914,4,110.4686859880905,112.88014142749516,117.68721131772936,118.91473746714973,115.30898069889099,117.82609644288132,118.62009232644418,187.0,relative_q95,target_max15,False,111,115
2021-09-14 05:00:00,20210914,5,101.12154717183398,107.31071696579397,116.22708685020069,118.95912490296455,116.70836909311123,123.85153425321285,119.74976067365897,187.0,relative_q95,target_max15,False,93,115
2021-09-14 06:00:00,20210914,6,112.68986882512841,124.83750717464113,119.70026431150052,131.20769795806288,118.94034584096717,131.76176733613406,131.6283018066567,187.0,relative_q95,target_max15,False,108,112
2021-09-14 07:00:00,20210914,7,131.8595788712387,143.1069976295066,150.61284320617395,162.73372418557835,170.5364158285003,185.08290914189297,161.2447101123111,187.0,relative_q95,target_max15,False,140,156
2021-09-14 08:00:00,20210914,8,171.79057672539375,178.1061978823026,185.80152471767235,192.67276488744002,183.5257691900894,190.27281697832566,191.68772460467463,187.0,relative_q95,target_max15,True,174,184
2021-09-14 09:00:00,20210914,9,171.65471059975764,175.24966087742823,181.96575291223516,187.1199774956375,178.25429682292915,181.9874616840656,186.6503854976411,187.0,relative_q95,target_max15,False,166,178
2021-09-14 10:00:00,20210914,10,176.0033330219804,180.74286711706358,188.93811043536402,193.06491362929205,189.08288229985624,194.17463114386732,192.82534859199708,187.0,relative_q95,target_max15,True,152,161
2021-09-14 11:00:00,20210914,11,171.32797883022215,176.06064934765823,181.67556777289897,186.0722799334707,179.97711067206174,184.9487000838242,186.905768611107,187.0,relative_q95,target_max15,False,170,180
2021-09-14 12:00:00,20210914,12,114.20803836589802,129.23135743447747,136.12490566741587,144.76607651820967,131.63916102014306,148.95543005183526,144.84043009120617,187.0,relative_q95,target_max15,False,118,135
2021-09-14 13:00:00,20210914,13,177.80483695317534,180.56666292923637,185.77468960200824,190.2606090016268,186.84163804429284,189.74383181023867,190.7607900465987,187.0,relative_q95,target_max15,True,163,173
2021-09-14 14:00:00,20210914,14,176.52917848814886,181.31285513674445,186.33781640000734,189.44318618778098,184.0167466780884,189.00332522319616,189.7856839104808,187.0,relative_q95,target_max15,True,158,162
2021-09-14 15:00:00,20210914,15,165.43847489186786,171.521094683055,180.49311927453527,182.62143639421421,180.54720931663246,187.18532677601277,182.79225306901353,187.0,relative_q95,target_max15,False,161,175
2021-09-14 16:00:00,20210914,16,170.66178674627344,173.8363279676719,178.0620556233629,182.973659413928,178.18197814718772,181.4964051511633,182.9706970940721,187.0,relative_q95,target_max15,False,160,165
2021-09-14 17:00:00,20210914,17,129.24594273080962,143.5778193577079,155.14676070917326,169.1880256005247,152.00151101307642,168.85671634419302,162.8067363281941,187.0,relative_q95,target_max15,False,123,146
2021-09-14 18:00:00,20210914,18,157.5099146188455,169.28726872354966,167.19380940312905,177.06681659714175,165.78890433743277,178.18529625814332,177.40108173578201,187.0,relative_q95,target_max15,False,158,164
2021-09-14 19:00:00,20210914,19,151.58379219920286,160.91853019724695,161.68229446460197,171.86664683256777,163.316306140365,173.37354845176748,170.5993305294496,187.0,relative_q95,target_max15,False,153,171
2021-09-14 20:00:00,20210914,20,130.61271196389595,144.9281316143531,138.00877692631624,153.87560304657106,136.74931503452225,151.73731889874708,151.15833755940764,187.0,relative_q95,target_max15,False,128,130
2021-09-14 21:00:00,20210914,21,128.64928007754295,138.2455409001875,138.1607419004797,136.99647106741563,134.64666108949294,144.69028106104807,138.64779782491075,187.0,relative_q95,target_max15,False,128,134
2021-09-14 22:00:00,20210914,22,117.81696855216347,125.00583649901968,124.48060956586734,130.19137403079466,125.87938137343873,133.56019561476717,127.52414551874092,187.0,relative_q95,target_max15,False,111,120
2021-09-14 23:00:00,20210914,23,109.64529362036615,117.28033803793731,122.81709875334188,129.31545571120134,121.2341140867322,129.6761348558312,127.88834787302956,187.0,relative_q95,target_max15,False,110,119
