date,hour,pred,pred_max15,pred_hi_max15,alarm_threshold,alarm
2021-09-08,0,69.57512271017627,80.75249294713107,93.75272999804999,187.0,False
2021-09-08,1,108.37817393662768,115.49125072228809,123.10716045925817,187.0,False
2021-09-08,2,111.02510191296432,119.3779340971909,123.94097334649346,187.0,False
2021-09-08,3,106.28265185443023,116.2997312242228,117.25683724553437,187.0,False
2021-09-08,4,111.79800966440735,118.95981202746931,122.16542357488925,187.0,False
2021-09-08,5,95.38142527563559,114.91124528180097,116.55116012045295,187.0,False
2021-09-08,6,112.41600298473122,118.56929086775995,123.9803110299958,187.0,False
2021-09-08,7,130.3683385196805,149.92598542413518,159.1821922982531,187.0,False
2021-09-08,8,176.68740838243434,187.71455640631333,195.1975382977228,187.0,True
2021-09-08,9,171.5357024716444,184.29679881083982,185.59679683498499,187.0,False
2021-09-08,10,183.11813856808286,192.66245070676726,195.00069243184078,187.0,True
2021-09-08,11,183.54956009415375,190.6016842510486,192.74983941804092,187.0,True
2021-09-08,12,112.60490866604304,126.67823329462942,134.2417063384008,187.0,False
2021-09-08,13,176.98020823725423,185.62449004711823,191.88267740279386,187.0,True
2021-09-08,14,177.8539495059563,187.37063789002727,190.8584783366564,187.0,True
2021-09-08,15,170.6225434201455,185.0415900230204,188.79394883085388,187.0,True
2021-09-08,16,168.91499739368763,179.163502176141,186.05526451760565,187.0,False
2021-09-08,17,142.27372081919583,165.23237229730032,178.9865310084078,187.0,False
2021-09-08,18,163.33679411552654,173.0690089723571,183.30677666710505,187.0,False
2021-09-08,19,146.8757784518235,159.82094310459857,173.19724364648448,187.0,False
2021-09-08,20,124.70316984457999,131.65204149320513,137.42621656672054,187.0,False
2021-09-08,21,122.54686516321772,128.0772270884548,135.0167442158781,187.0,False
2021-09-08,22,115.45838143844121,122.265171284894,127.80319983786522,187.0,False
2021-09-08,23,111.39463582574031,121.09202254441526,128.61519780799952,187.0,False
2021-09-09,0,69.03490645195667,78.90335256869336,84.37284474925954,187.0,False
2021-09-09,1,111.26585017965583,117.61141378666338,121.09332092276911,187.0,False
2021-09-09,2,111.37440604644867,118.23218085210226,120.50137111404081,187.0,False
2021-09-09,3,106.87279134926753,118.57917651976794,116.39224429219813,187.0,False
2021-09-09,4,112.21162387360357,117.29480831371329,121.02407169170203,187.0,False
2021-09-09,5,98.63171883966835,116.27373253912363,115.4904992183455,187.0,False
2021-09-09,6,111.54630054303038,117.66104958647507,124.62638380328868,187.0,False
2021-09-09,7,133.79509122902218,151.7340085867867,164.17706472378867,187.0,False
2021-09-09,8,177.929736981385,190.3285027086669,195.10726637429937,187.0,True
2021-09-09,9,175.14058391235062,187.11387674788116,188.2605589067982,187.0,True
2021-09-09,10,180.54722880532168,187.99018807807656,188.89735426913037,187.0,True
2021-09-09,11,180.63397109858704,189.34060390273532,191.18963075366923,187.0,True
2021-09-09,12,113.31881815815105,131.32912505212232,131.2679885276956,187.0,False
2021-09-09,13,180.652991195926,187.9515820336229,190.49602197989734,187.0,True
2021-09-09,14,186.7036909355568,196.02298954094206,199.1143949579225,187.0,True
2021-09-09,15,176.04932364260154,188.70826624414977,191.93913532989936,187.0,True
2021-09-09,16,175.60634014147536,183.98998405414804,189.4545991911685,187.0,True
2021-09-09,17,136.65714564946055,162.70258653337302,169.48889925416665,187.0,False
2021-09-09,18,162.30739108658554,169.37592958139257,180.29142744286153,187.0,False
2021-09-09,19,158.77935207481468,166.7385388720833,173.55355550722177,187.0,False
2021-09-09,20,122.89501111671672,128.78739816672757,140.6667248332726,187.0,False
2021-09-09,21,125.7582441126815,130.83630598202262,132.43685986466767,187.0,False
2021-09-09,22,115.42085582507588,121.69210704958579,126.55453249078273,187.0,False
2021-09-09,23,112.62681708164085,122.13165614945099,125.83158436055264,187.0,False
2021-09-10,0,67.59369516723643,75.85692496217389,79.27854422161575,187.0,False
2021-09-10,1,108.34555002735026,115.02978982683169,116.13544919281986,187.0,False
2021-09-10,2,110.60965200942486,116.35225497140648,120.22339152143253,187.0,False
2021-09-10,3,109.93481624150031,116.63211469557126,118.54742765681881,187.0,False
2021-09-10,4,109.22133134129479,115.49513695169082,117.36485229535958,187.0,False
2021-09-10,5,95.86239844583461,113.05765089312733,112.02443094241791,187.0,False
2021-09-10,6,109.73013142004619,115.8401235070612,121.44256529654983,187.0,False
2021-09-10,7,130.09401449434094,146.72293869465594,152.9643405348339,187.0,False
2021-09-10,8,170.3467953911332,180.94045388007962,188.34326189826797,187.0,True
2021-09-10,9,174.29175124445396,185.1126294305218,188.70689946058266,187.0,True
2021-09-10,10,172.32967664395446,182.33529617454369,185.36263464457556,187.0,False
2021-09-10,11,181.38243315688783,191.55873203442513,195.20644491402723,187.0,True
2021-09-10,12,109.49768437789889,128.60779851032902,137.90525117375535,187.0,False
2021-09-10,13,178.1650689364585,187.12910785623424,190.56394770399643,187.0,True
2021-09-10,14,175.14653774556598,184.08834674022535,188.44688213568818,187.0,True
2021-09-10,15,164.74047730548827,181.33194614393324,185.95479636386827,187.0,False
2021-09-10,16,164.91273986687114,176.53052193461494,181.69128233629397,187.0,False
2021-09-10,17,136.68569484679134,157.86294994501307,177.18149318666102,187.0,False
2021-09-10,18,156.9269614698242,166.73503159610095,177.20823933869005,187.0,False
2021-09-10,19,141.30107688457434,153.7401857535485,158.7416194477919,187.0,False
2021-09-10,20,115.25381290402868,122.91537714852284,130.35257082811003,187.0,False
2021-09-10,21,113.52811215847738,117.69676858492653,120.48899457750218,187.0,False
2021-09-10,22,109.0153865192223,117.78636479406384,119.47422976627945,187.0,False
2021-09-10,23,106.99993716216424,116.49430743973899,118.90119725282075,187.0,False
2021-09-11,0,53.45473375202862,58.66485305008888,66.84493422655841,187.0,False
2021-09-11,1,96.88340436226883,101.84666380060064,109.03989627889005,187.0,False
2021-09-11,2,96.73369922874362,104.40028827153826,109.11401131069722,187.0,False
2021-09-11,3,96.27312840192518,102.90447304985902,108.0844414731298,187.0,False
2021-09-11,4,102.99858684320505,109.88613083470857,110.64436135762368,187.0,False
2021-09-11,5,89.67777179968199,106.07407268218792,103.28524520894389,187.0,False
2021-09-11,6,105.11197029312962,112.17286194158832,115.54668764850344,187.0,False
2021-09-11,7,68.58215323717188,91.73344095897725,102.77231489292126,187.0,False
2021-09-11,8,43.83503494544805,43.29359526976062,50.41864879215998,187.0,False
2021-09-11,9,25.69718082493417,28.083867232891123,35.13900471779886,187.0,False
2021-09-11,10,26.229365460834828,28.43857163913242,35.446412716578976,187.0,False
2021-09-11,11,27.414818941177373,29.213358324304252,39.06154689012049,187.0,False
2021-09-11,12,26.92663593258457,29.10274391230762,41.2958872544053,187.0,False
2021-09-11,13,27.140563002070618,28.87972765066532,38.89229330203755,187.0,False
2021-09-11,14,27.42010098790277,29.289569372321058,38.23925415841996,187.0,False
2021-09-11,15,27.086116324137503,28.704986989485565,36.93474235988695,187.0,False
2021-09-11,16,31.184734467603562,32.719213382659746,35.40621212634926,187.0,False
2021-09-11,17,30.47171437975091,32.74234253211162,41.51314518749845,187.0,False
2021-09-11,18,30.469798619052437,32.25468086800122,37.46434267532634,187.0,False
2021-09-11,19,29.986558114286012,30.997687231766026,32.10424228712635,187.0,False
2021-09-11,20,30.474545873344493,31.0768496375908,36.38645701207362,187.0,False
2021-09-11,21,30.250727314731524,30.289662156933378,32.75591687746344,187.0,False
2021-09-11,22,31.067778111532338,30.39545252338378,33.86278291289608,187.0,False
2021-09-11,23,31.381678173577612,31.470291779313623,34.03237326291454,187.0,False
2021-09-12,0,22.65022757922242,22.572079326018684,23.133507469964012,187.0,False
2021-09-12,1,22.60766280209008,22.81810083287078,24.26856402069542,187.0,False
2021-09-12,2,22.510617858440998,22.59451544222382,24.28576657105778,187.0,False
2021-09-12,3,22.614951516662003,22.958862413585308,24.51997025523732,187.0,False
2021-09-12,4,22.631750290322298,22.95174457227076,24.50121675735869,187.0,False
2021-09-12,5,22.507569991183278,22.89066833397163,24.46711325566926,187.0,False
2021-09-12,6,22.532037833621843,22.881092748167642,24.570587643590752,187.0,False
2021-09-12,7,22.50747245495634,23.048872014526236,25.160049180092994,187.0,False
2021-09-12,8,22.82333772225769,23.27477536764651,25.189381160443265,187.0,False
2021-09-12,9,22.89802468695447,23.036311635042207,25.082413638005296,187.0,False
2021-09-12,10,22.958760975367127,23.274434795282406,25.472170606474496,187.0,False
2021-09-12,11,23.44641922785591,23.567521992184556,25.786123928220892,187.0,False
2021-09-12,12,22.7922496223417,23.06281667975848,26.306743761979252,187.0,False
2021-09-12,13,23.10651540983655,22.9924601506179,25.33322348337155,187.0,False
2021-09-12,14,23.20448071345636,23.23651575310978,25.358611183919383,187.0,False
2021-09-12,15,23.174317764347194,23.3033932926626,25.179625291962054,187.0,False
2021-09-12,16,23.11915926028958,23.364633113799787,25.33389151743047,187.0,False
2021-09-12,17,22.81313441614742,23.08607417305868,25.069761912052545,187.0,False
2021-09-12,18,22.958833154115315,23.10131305273846,24.788705623698664,187.0,False
2021-09-12,19,22.996005739219793,23.16125931966413,25.023660231671727,187.0,False
2021-09-12,20,23.075178160491376,23.12906975169187,25.39245279001136,187.0,False
2021-09-12,21,23.105344678133307,23.084004338775845,25.28501863985387,187.0,False
2021-09-12,22,23.056320964131526,23.08298993457693,24.989436601230107,187.0,False
2021-09-12,23,23.12318744310274,24.169719814575057,26.22301776334001,187.0,False
2021-09-13,0,28.34139244124646,27.379070789916835,30.781805283042758,187.0,False
2021-09-13,1,28.983079730397474,27.679613893626282,30.260616544076857,187.0,False
2021-09-13,2,29.24395961115256,27.792110688582323,32.49409932388531,187.0,False
2021-09-13,3,28.855623781222487,27.61237137395831,30.315888214208453,187.0,False
2021-09-13,4,28.930081350880716,27.608309723407995,31.28271302050725,187.0,False
2021-09-13,5,28.785925485133664,27.635726150048736,30.808683395250835,187.0,False
2021-09-13,6,48.83792829579534,56.086851744275315,42.16764528298622,187.0,False
2021-09-13,7,79.03364378073191,109.00323915967833,114.84799764110922,187.0,False
2021-09-13,8,171.8174016187727,183.81972960379912,190.04299945936245,187.0,True
2021-09-13,9,169.2520149557927,180.09070296016537,184.6566124540424,187.0,False
2021-09-13,10,168.8940781734503,179.199884825464,183.97744352187388,187.0,False
2021-09-13,11,172.2131775717332,179.7092480572916,183.94441111806813,187.0,False
2021-09-13,12,108.7595650208512,124.71063700604505,131.15606170004457,187.0,False
2021-09-13,13,171.46590051187755,181.62631472611292,185.97367521328485,187.0,False
2021-09-13,14,169.9670418106023,178.15426107871372,184.46561693012833,187.0,False
2021-09-13,15,161.5497815006079,173.03948020920316,179.98483686321512,187.0,False
2021-09-13,16,157.42498528918955,166.36661282331804,180.03866272329105,187.0,False
2021-09-13,17,135.59297150870134,157.8131060077571,164.6733539877875,187.0,False
2021-09-13,18,152.91478078988862,162.87489064985812,181.1855324340769,187.0,False
2021-09-13,19,136.35746753591545,151.79367699815262,162.4867864294308,187.0,False
2021-09-13,20,120.13893898791231,127.22045359622315,134.68133041408854,187.0,False
2021-09-13,21,121.12411598183017,128.74736525040984,135.52503600513492,187.0,False
2021-09-13,22,111.76037399936926,119.2450600644025,123.30755617006174,187.0,False
2021-09-13,23,106.9214118397526,118.54035736193669,121.61400555514956,187.0,False
2021-09-14,0,72.30558629895904,76.02162173846357,79.2803142653392,187.0,False
2021-09-14,1,110.97367509576964,118.8490544741564,119.9500569718737,187.0,False
2021-09-14,2,109.09064769650467,116.60232054927214,122.65196981413824,187.0,False
2021-09-14,3,110.35362466601087,118.49635674144913,120.93584147973554,187.0,False
2021-09-14,4,110.23365241682528,117.95546735129805,118.62009232644418,187.0,False
2021-09-14,5,101.19660786973758,116.23416541338378,119.74976067365897,187.0,False
2021-09-14,6,113.39970366394873,119.1155334931102,131.6283018066567,187.0,False
2021-09-14,7,131.45005115206564,150.22594564415988,161.2447101123111,187.0,False
2021-09-14,8,171.75622793924356,184.0802357585761,191.68772460467463,187.0,True
2021-09-14,9,171.82421702033312,181.44922834872622,186.6503854976411,187.0,False
2021-09-14,10,175.44827696847247,188.7416541100979,192.82534859199708,187.0,True
2021-09-14,11,171.25643473855516,180.84517336540011,186.905768611107,187.0,False
2021-09-14,12,114.16414006739812,134.25998712710677,144.84043009120617,187.0,False
2021-09-14,13,178.14070373516003,186.0852093106504,190.7607900465987,187.0,True
2021-09-14,14,176.99176340455503,185.9821953693215,189.7856839104808,187.0,True
2021-09-14,15,165.40487347399093,179.66913083847632,182.79225306901353,187.0,False
2021-09-14,16,171.0118894700815,176.92438443699947,182.9706970940721,187.0,False
2021-09-14,17,131.24889460980737,155.32763889631477,162.8067363281941,187.0,False
2021-09-14,18,158.02413134484166,166.2320386659891,177.40108173578201,187.0,False
2021-09-14,19,150.51408356596508,161.18512119364527,170.5993305294496,187.0,False
2021-09-14,20,131.47746541065246,138.03107359757857,151.15833755940764,187.0,False
2021-09-14,21,130.05062501642507,138.15033371298048,138.64779782491075,187.0,False
2021-09-14,22,117.37581525158869,123.94064424063224,127.52414551874092,187.0,False
2021-09-14,23,110.47825521904839,122.83908463370419,127.88834787302956,187.0,False
