hour,pred,pred_max15,pred_hi_max15,alarm_threshold,baseline_alarm,after_pred,after_pred_max15,after_pred_hi_max15,after_alarm,baseline_task_load,recommended_task_load,baseline_task_count,recommended_task_count
0,69.03490645195667,78.90335256869336,84.37284474925954,187.0,False,69.03490645195667,78.90335256869336,84.37284474925954,False,0.0,0.0,0,0
1,111.26585017965583,117.61141378666338,121.09332092276911,187.0,False,111.26585017965583,117.61141378666338,121.09332092276911,False,0.0,0.0,0,0
2,111.37440604644867,118.23218085210226,120.50137111404081,187.0,False,111.37440604644867,118.23218085210226,120.50137111404081,False,0.0,0.0,0,0
3,106.87279134926753,118.57917651976794,116.39224429219813,187.0,False,106.87279134926753,118.57917651976794,116.39224429219813,False,0.0,0.0,0,0
4,112.21162387360357,117.29480831371329,121.02407169170203,187.0,False,112.21162387360357,117.29480831371329,121.02407169170203,False,0.0,0.0,0,0
5,98.63171883966835,116.27373253912363,115.4904992183455,187.0,False,98.63171883966835,116.27373253912363,115.4904992183455,False,0.0,0.0,0,0
6,111.54630054303038,117.66104958647507,124.62638380328868,187.0,False,111.54630054303038,117.66104958647507,124.62638380328868,False,0.0,0.0,0,0
7,133.79509122902218,151.7340085867867,164.17706472378867,187.0,False,133.79509122902218,151.7340085867867,164.17706472378867,False,0.0,0.0,0,0
8,177.929736981385,190.3285027086669,195.10726637429937,187.0,True,177.929736981385,190.3285027086669,195.10726637429937,True,0.0,0.0,0,0
9,175.14058391235062,187.11387674788116,188.2605589067982,187.0,True,175.14058391235062,187.11387674788116,188.2605589067982,True,0.0,0.0,0,0
10,180.54722880532168,187.99018807807656,188.89735426913037,187.0,True,180.54722880532168,187.99018807807656,188.89735426913037,True,0.0,0.0,0,0
11,180.63397109858704,189.34060390273532,191.18963075366923,187.0,True,180.63397109858704,189.34060390273532,191.18963075366923,True,0.0,0.0,0,0
12,113.31881815815105,131.32912505212232,131.2679885276956,187.0,False,113.31881815815105,131.32912505212232,131.2679885276956,False,0.0,0.0,0,0
13,180.652991195926,187.9515820336229,190.49602197989734,187.0,True,180.652991195926,187.9515820336229,190.49602197989734,True,0.0,0.0,0,0
14,186.7036909355568,196.02298954094206,199.1143949579225,187.0,True,176.7036909355568,186.02298954094206,189.1143949579225,True,18.0,8.0,2,1
15,176.04932364260154,188.70826624414977,191.93913532989936,187.0,True,166.04932364260154,178.70826624414977,181.93913532989936,False,18.0,8.0,2,1
16,175.60634014147536,183.98998405414804,189.4545991911685,187.0,True,179.60634014147536,187.98998405414804,193.4545991911685,True,6.0,10.0,1,1
17,136.65714564946055,162.70258653337302,169.48889925416665,187.0,False,146.65714564946055,172.70258653337302,179.48889925416665,False,6.0,16.0,1,2
18,162.30739108658554,169.37592958139257,180.29142744286153,187.0,False,168.30739108658554,175.37592958139257,186.29142744286153,False,3.0,9.0,1,2
19,158.77935207481468,166.7385388720833,173.55355550722177,187.0,False,158.77935207481468,166.7385388720833,173.55355550722177,False,0.0,0.0,0,0
20,122.89501111671672,128.78739816672757,140.6667248332726,187.0,False,122.89501111671672,128.78739816672757,140.6667248332726,False,0.0,0.0,0,0
21,125.7582441126815,130.83630598202262,132.43685986466767,187.0,False,125.7582441126815,130.83630598202262,132.43685986466767,False,0.0,0.0,0,0
22,115.42085582507588,121.69210704958579,126.55453249078273,187.0,False,115.42085582507588,121.69210704958579,126.55453249078273,False,0.0,0.0,0,0
23,112.62681708164085,122.13165614945099,125.83158436055264,187.0,False,112.62681708164085,122.13165614945099,125.83158436055264,False,0.0,0.0,0,0
